datetime,ciudad,dominio,temperatura,precipitacion,precipitacion_acumulada,radiacion_solar,agua_precipitable,vel_viento10m,dir_viento10m,humedad_relativa
2021-07-02 23:00:00,Hermosillo,d01,31,0.0,0.0,0,60.3,4,230,50
2021-07-03 00:00:00,Hermosillo,d01,30,0.0,0.0,0,59.7,6,232,47
2021-07-03 01:00:00,Hermosillo,d01,30,0.0,0.0,0,60.0,8,226,47
2021-07-03 02:00:00,Hermosillo,d01,30,0.0,0.0,0,58.9,8,187,47
2021-07-03 03:00:00,Hermosillo,d01,27,0.5,0.5,0,65.0,4,182,66
2021-07-03 04:00:00,Hermosillo,d01,27,4.5,5.0,0,58.6,4,263,70
2021-07-03 05:00:00,Hermosillo,d01,26,0.8,5.8,0,53.4,2,245,68
2021-07-03 06:00:00,Hermosillo,d01,26,0.0,5.8,40,52.3,7,97,74
2021-07-03 07:00:00,Hermosillo,d01,27,0.0,5.8,258,57.4,13,95,73
2021-07-03 08:00:00,Hermosillo,d01,27,0.0,5.8,127,59.9,18,71,69
2021-07-03 09:00:00,Hermosillo,d01,28,0.0,5.8,607,56.9,17,79,66
2021-07-03 10:00:00,Hermosillo,d01,28,0.0,5.8,243,57.4,16,65,65
2021-07-03 11:00:00,Hermosillo,d01,30,0.0,5.8,704,56.7,12,60,58
2021-07-03 12:00:00,Hermosillo,d01,30,0.0,5.8,473,57.3,14,40,57
2021-07-03 13:00:00,Hermosillo,d01,29,0.0,5.8,372,61.0,18,35,63
2021-07-03 14:00:00,Hermosillo,d01,31,0.1,5.9,962,56.1,10,43,57
2021-07-03 15:00:00,Hermosillo,d01,33,0.0,5.9,857,56.7,6,2,45
2021-07-03 16:00:00,Hermosillo,d01,35,0.0,5.9,687,55.7,9,301,40
2021-07-03 17:00:00,Hermosillo,d01,35,0.0,5.9,482,56.6,9,293,39
2021-07-03 18:00:00,Hermosillo,d01,35,0.0,5.9,261,56.5,8,291,38
2021-07-03 19:00:00,Hermosillo,d01,32,0.0,5.9,52,61.5,22,309,47
2021-07-03 20:00:00,Hermosillo,d01,28,13.2,19.1,0,62.5,3,339,70
2021-07-03 21:00:00,Hermosillo,d01,28,0.3,19.4,0,56.1,6,7,57
2021-07-03 22:00:00,Hermosillo,d01,28,0.0,19.4,0,57.0,7,83,56
2021-07-03 23:00:00,Hermosillo,d01,28,0.0,19.4,0,58.5,8,68,65
2021-07-04 00:00:00,Hermosillo,d01,28,0.0,19.4,0,58.6,6,75,66
2021-07-04 01:00:00,Hermosillo,d01,27,0.0,19.4,0,58.3,4,77,65
2021-07-04 02:00:00,Hermosillo,d01,27,0.0,19.4,0,58.6,4,88,68
2021-07-04 03:00:00,Hermosillo,d01,27,0.0,19.4,0,59.8,3,110,70
2021-07-04 04:00:00,Hermosillo,d01,27,0.0,19.4,0,60.3,3,107,72
2021-07-04 05:00:00,Hermosillo,d01,27,0.0,19.4,0,59.7,3,120,74
2021-07-04 06:00:00,Hermosillo,d01,27,0.0,19.4,27,59.1,5,129,72
2021-07-04 07:00:00,Hermosillo,d01,28,0.0,19.4,258,58.0,7,138,63
2021-07-04 08:00:00,Hermosillo,d01,30,0.0,19.4,477,58.8,8,143,58
2021-07-04 09:00:00,Hermosillo,d01,31,0.0,19.4,683,59.6,7,183,54
2021-07-04 10:00:00,Hermosillo,d01,32,0.0,19.4,850,59.2,7,202,49
2021-07-04 11:00:00,Hermosillo,d01,34,0.0,19.4,974,56.2,10,238,42
2021-07-04 12:00:00,Hermosillo,d01,35,0.0,19.4,1034,57.1,8,249,39
2021-07-04 13:00:00,Hermosillo,d01,36,0.0,19.4,1032,55.8,11,244,35
2021-07-04 14:00:00,Hermosillo,d01,35,0.0,19.4,448,58.9,20,215,44
2021-07-04 15:00:00,Hermosillo,d01,35,0.0,19.4,772,58.2,11,208,42
2021-07-04 16:00:00,Hermosillo,d01,35,0.4,19.8,147,56.8,15,227,37
2021-07-04 17:00:00,Hermosillo,d01,35,0.0,19.8,453,54.0,16,242,36
2021-07-04 18:00:00,Hermosillo,d01,35,0.0,19.8,169,53.1,14,245,35
2021-07-04 19:00:00,Hermosillo,d01,34,0.0,19.8,38,52.3,9,250,33
2021-07-04 20:00:00,Hermosillo,d01,33,0.0,19.8,0,52.7,8,240,37
2021-07-04 21:00:00,Hermosillo,d01,31,0.0,19.8,0,55.8,11,50,54
2021-07-04 22:00:00,Hermosillo,d01,30,0.0,19.8,0,56.9,12,68,59
2021-07-04 23:00:00,Hermosillo,d01,29,0.0,19.8,0,56.0,10,73,60
2021-07-05 00:00:00,Hermosillo,d01,29,0.0,19.8,0,55.4,1,251,61
2021-07-05 01:00:00,Hermosillo,d01,28,0.0,19.8,0,55.0,9,235,66
2021-07-05 02:00:00,Hermosillo,d01,27,0.0,19.8,0,54.3,7,241,72
2021-07-05 03:00:00,Hermosillo,d01,27,0.0,19.8,0,52.6,4,212,75
2021-07-05 04:00:00,Hermosillo,d01,27,0.0,19.8,0,50.2,2,136,75
2021-07-05 05:00:00,Hermosillo,d01,26,0.0,19.8,0,48.8,4,113,76
2021-07-05 06:00:00,Hermosillo,d01,26,0.0,19.8,73,47.2,8,133,81
2021-07-05 07:00:00,Hermosillo,d01,28,0.0,19.8,250,45.8,7,135,73
2021-07-05 08:00:00,Hermosillo,d01,29,0.0,19.8,474,45.3,8,144,61
2021-07-05 09:00:00,Hermosillo,d01,31,0.0,19.8,682,45.0,7,155,52
2021-07-05 10:00:00,Hermosillo,d01,33,0.0,19.8,855,44.0,7,179,45
2021-07-05 11:00:00,Hermosillo,d01,34,0.0,19.8,981,41.9,7,208,39
2021-07-05 12:00:00,Hermosillo,d01,36,0.0,19.8,1048,38.9,8,231,34
2021-07-05 13:00:00,Hermosillo,d01,37,0.0,19.8,1047,38.8,9,237,30
2021-07-05 14:00:00,Hermosillo,d01,38,0.0,19.8,982,39.8,11,251,29
2021-07-05 15:00:00,Hermosillo,d01,38,0.0,19.8,855,41.4,13,248,29
2021-07-05 16:00:00,Hermosillo,d01,38,0.0,19.8,678,40.5,16,250,28
2021-07-05 17:00:00,Hermosillo,d01,37,0.0,19.8,474,39.0,17,249,27
2021-07-05 18:00:00,Hermosillo,d01,36,0.0,19.8,250,36.0,16,247,25
2021-07-05 19:00:00,Hermosillo,d01,35,0.0,19.8,42,37.8,15,246,27
2021-07-05 20:00:00,Hermosillo,d01,33,0.0,19.8,0,40.8,13,248,31
2021-07-05 21:00:00,Hermosillo,d01,32,0.0,19.8,0,42.2,12,246,35
2021-07-05 22:00:00,Hermosillo,d01,31,0.0,19.8,0,44.2,11,241,41
2021-07-05 23:00:00,Hermosillo,d01,30,0.0,19.8,0,45.2,11,234,57
2021-07-06 00:00:00,Hermosillo,d01,29,0.0,19.8,0,42.8,9,234,62
2021-07-06 01:00:00,Hermosillo,d01,28,0.0,19.8,0,43.1,8,225,66
2021-07-06 02:00:00,Hermosillo,d01,27,0.0,19.8,0,44.3,6,232,67
2021-07-06 03:00:00,Hermosillo,d01,27,0.0,19.8,0,44.7,4,206,68
2021-07-06 04:00:00,Hermosillo,d01,27,0.0,19.8,0,46.3,2,233,67
2021-07-06 05:00:00,Hermosillo,d01,27,0.0,19.8,0,48.7,0,10,67
2021-07-06 06:00:00,Hermosillo,d01,27,0.0,19.8,9,53.2,5,85,67
2021-07-06 07:00:00,Hermosillo,d01,27,0.0,19.8,180,54.7,5,77,68
2021-07-06 08:00:00,Hermosillo,d01,29,0.0,19.8,485,56.0,7,61,62
2021-07-06 09:00:00,Hermosillo,d01,30,0.0,19.8,662,56.6,3,78,56
2021-07-06 10:00:00,Hermosillo,d01,32,0.0,19.8,859,56.4,9,242,52
2021-07-06 11:00:00,Hermosillo,d01,33,0.0,19.8,950,52.1,9,258,48
2021-07-02 23:00:00,Ciudad Obregón,d01,29,0.0,0.0,0,56.9,5,201,62
2021-07-03 00:00:00,Ciudad Obregón,d01,29,0.0,0.0,0,57.4,4,213,60
2021-07-03 01:00:00,Ciudad Obregón,d01,29,0.0,0.0,0,57.9,4,235,62
2021-07-03 02:00:00,Ciudad Obregón,d01,28,0.0,0.0,0,57.5,4,273,67
2021-07-03 03:00:00,Ciudad Obregón,d01,28,0.0,0.0,0,58.0,6,328,68
2021-07-03 04:00:00,Ciudad Obregón,d01,28,0.0,0.0,0,57.4,3,174,68
2021-07-03 05:00:00,Ciudad Obregón,d01,27,0.0,0.0,0,56.9,6,176,78
2021-07-03 06:00:00,Ciudad Obregón,d01,27,0.0,0.0,65,58.3,3,155,82
2021-07-03 07:00:00,Ciudad Obregón,d01,29,0.0,0.0,278,58.0,3,158,70
2021-07-03 08:00:00,Ciudad Obregón,d01,31,0.0,0.0,503,57.8,2,133,59
2021-07-03 09:00:00,Ciudad Obregón,d01,33,0.0,0.0,707,58.4,1,120,50
2021-07-03 10:00:00,Ciudad Obregón,d01,35,0.0,0.0,874,57.7,3,156,46
2021-07-03 11:00:00,Ciudad Obregón,d01,37,0.0,0.0,985,57.1,6,196,42
2021-07-03 12:00:00,Ciudad Obregón,d01,38,0.0,0.0,1003,55.5,7,208,38
2021-07-03 13:00:00,Ciudad Obregón,d01,37,0.2,0.2,507,57.3,10,191,41
2021-07-03 14:00:00,Ciudad Obregón,d01,36,0.2,0.4,933,62.9,11,300,48
2021-07-03 15:00:00,Ciudad Obregón,d01,29,7.7,8.1,35,70.2,14,135,79
2021-07-03 16:00:00,Ciudad Obregón,d01,29,12.0,20.1,583,53.3,15,98,79
2021-07-03 17:00:00,Ciudad Obregón,d01,29,3.7,23.7,108,50.2,6,195,52
2021-07-03 18:00:00,Ciudad Obregón,d01,31,0.0,23.7,153,53.4,9,201,57
2021-07-03 19:00:00,Ciudad Obregón,d01,31,0.0,23.7,30,60.2,5,231,62
2021-07-03 20:00:00,Ciudad Obregón,d01,29,0.0,23.7,0,62.5,6,136,68
2021-07-03 21:00:00,Ciudad Obregón,d01,29,0.0,23.7,0,63.0,6,148,69
2021-07-03 22:00:00,Ciudad Obregón,d01,28,0.0,23.7,0,62.3,6,151,72
2021-07-03 23:00:00,Ciudad Obregón,d01,28,0.0,23.7,0,60.1,6,145,78
2021-07-04 00:00:00,Ciudad Obregón,d01,27,0.0,23.7,0,59.4,8,162,82
2021-07-04 01:00:00,Ciudad Obregón,d01,27,0.0,23.7,0,61.7,7,167,83
2021-07-04 02:00:00,Ciudad Obregón,d01,27,0.0,23.7,0,62.6,6,152,90
2021-07-04 03:00:00,Ciudad Obregón,d01,27,0.0,23.7,0,62.6,6,150,90
2021-07-04 04:00:00,Ciudad Obregón,d01,27,0.0,23.7,0,61.6,6,133,89
2021-07-04 05:00:00,Ciudad Obregón,d01,26,0.0,23.7,0,61.8,7,128,88
2021-07-04 06:00:00,Ciudad Obregón,d01,27,0.0,23.7,55,61.2,9,131,88
2021-07-04 07:00:00,Ciudad Obregón,d01,28,0.0,23.7,265,60.5,14,142,83
2021-07-04 08:00:00,Ciudad Obregón,d01,29,0.0,23.7,489,60.1,14,149,74
2021-07-04 09:00:00,Ciudad Obregón,d01,31,0.0,23.7,694,59.8,14,154,65
2021-07-04 10:00:00,Ciudad Obregón,d01,32,0.0,23.7,863,59.8,12,154,60
2021-07-04 11:00:00,Ciudad Obregón,d01,34,0.0,23.7,979,60.1,10,163,55
2021-07-04 12:00:00,Ciudad Obregón,d01,35,0.0,23.7,905,60.1,7,162,51
2021-07-04 13:00:00,Ciudad Obregón,d01,35,0.0,23.7,852,60.0,11,195,49
2021-07-04 14:00:00,Ciudad Obregón,d01,36,0.0,23.7,952,58.9,13,199,47
2021-07-04 15:00:00,Ciudad Obregón,d01,35,0.0,23.7,733,59.4,17,207,47
2021-07-04 16:00:00,Ciudad Obregón,d01,35,0.0,23.7,546,59.1,15,211,48
2021-07-04 17:00:00,Ciudad Obregón,d01,34,0.0,23.7,381,60.5,15,220,50
2021-07-04 18:00:00,Ciudad Obregón,d01,33,0.0,23.7,230,62.3,12,226,52
2021-07-04 19:00:00,Ciudad Obregón,d01,32,0.0,23.7,30,63.4,11,215,55
2021-07-04 20:00:00,Ciudad Obregón,d01,31,0.0,23.7,0,62.4,11,214,61
2021-07-04 21:00:00,Ciudad Obregón,d01,30,0.0,23.7,0,61.3,10,195,67
2021-07-04 22:00:00,Ciudad Obregón,d01,29,0.0,23.7,0,60.2,8,172,71
2021-07-04 23:00:00,Ciudad Obregón,d01,28,0.0,23.7,0,59.9,7,168,75
2021-07-05 00:00:00,Ciudad Obregón,d01,28,0.0,23.7,0,59.4,8,183,80
2021-07-05 01:00:00,Ciudad Obregón,d01,28,0.0,23.7,0,61.2,8,184,84
2021-07-05 02:00:00,Ciudad Obregón,d01,27,0.0,23.7,0,62.9,6,154,86
2021-07-05 03:00:00,Ciudad Obregón,d01,27,0.0,23.7,0,63.4,8,159,85
2021-07-05 04:00:00,Ciudad Obregón,d01,27,0.0,23.7,0,62.6,8,158,86
2021-07-05 05:00:00,Ciudad Obregón,d01,27,0.0,23.7,0,61.6,8,138,86
2021-07-05 06:00:00,Ciudad Obregón,d01,27,0.0,23.7,32,60.4,8,132,83
2021-07-05 07:00:00,Ciudad Obregón,d01,28,0.0,23.7,111,59.0,12,130,77
2021-07-05 08:00:00,Ciudad Obregón,d01,29,0.0,23.7,304,57.1,12,139,65
2021-07-05 09:00:00,Ciudad Obregón,d01,31,0.0,23.7,686,56.0,11,143,57
2021-07-05 10:00:00,Ciudad Obregón,d01,33,0.0,23.7,821,56.1,8,155,51
2021-07-05 11:00:00,Ciudad Obregón,d01,35,0.0,23.7,979,55.8,9,155,46
2021-07-05 12:00:00,Ciudad Obregón,d01,36,0.0,23.7,1039,55.3,8,173,42
2021-07-05 13:00:00,Ciudad Obregón,d01,37,0.0,23.7,1034,56.2,7,181,40
2021-07-05 14:00:00,Ciudad Obregón,d01,37,0.0,23.7,962,58.5,16,215,43
2021-07-05 15:00:00,Ciudad Obregón,d01,37,0.0,23.7,814,58.4,18,208,44
2021-07-05 16:00:00,Ciudad Obregón,d01,36,0.0,23.7,592,58.6,18,216,47
2021-07-05 17:00:00,Ciudad Obregón,d01,35,0.0,23.7,441,57.5,18,221,46
2021-07-05 18:00:00,Ciudad Obregón,d01,34,0.0,23.7,219,57.5,15,218,47
2021-07-05 19:00:00,Ciudad Obregón,d01,33,0.0,23.7,17,56.7,12,211,50
2021-07-05 20:00:00,Ciudad Obregón,d01,31,0.0,23.7,0,55.5,12,198,56
2021-07-05 21:00:00,Ciudad Obregón,d01,30,0.0,23.7,0,52.9,11,176,66
2021-07-05 22:00:00,Ciudad Obregón,d01,29,0.0,23.7,0,50.8,9,168,69
2021-07-05 23:00:00,Ciudad Obregón,d01,29,0.0,23.7,0,50.9,7,183,74
2021-07-06 00:00:00,Ciudad Obregón,d01,28,0.0,23.7,0,50.4,7,183,79
2021-07-06 01:00:00,Ciudad Obregón,d01,28,0.0,23.7,0,50.0,7,164,82
2021-07-06 02:00:00,Ciudad Obregón,d01,27,0.0,23.7,0,47.4,6,149,83
2021-07-06 03:00:00,Ciudad Obregón,d01,27,0.0,23.7,0,45.7,9,126,81
2021-07-06 04:00:00,Ciudad Obregón,d01,27,0.0,23.7,0,43.7,10,127,84
2021-07-06 05:00:00,Ciudad Obregón,d01,27,0.0,23.7,0,43.5,11,125,84
2021-07-06 06:00:00,Ciudad Obregón,d01,27,0.0,23.7,30,44.0,12,116,84
2021-07-06 07:00:00,Ciudad Obregón,d01,28,0.0,23.7,136,44.8,14,124,74
2021-07-06 08:00:00,Ciudad Obregón,d01,30,0.0,23.7,422,45.1,14,135,62
2021-07-06 09:00:00,Ciudad Obregón,d01,32,0.0,23.7,716,44.6,13,144,53
2021-07-06 10:00:00,Ciudad Obregón,d01,34,0.0,23.7,877,42.7,11,162,45
2021-07-06 11:00:00,Ciudad Obregón,d01,36,0.0,23.7,985,42.0,10,180,39
2021-07-02 23:00:00,Heroica Nogales,d01,21,0.0,0.0,0,41.0,9,88,82
2021-07-03 00:00:00,Heroica Nogales,d01,21,0.0,0.0,0,39.5,4,94,86
2021-07-03 01:00:00,Heroica Nogales,d01,21,0.0,0.0,0,40.8,7,121,80
2021-07-03 02:00:00,Heroica Nogales,d01,20,0.0,0.0,0,41.3,7,116,78
2021-07-03 03:00:00,Heroica Nogales,d01,21,0.0,0.0,0,43.3,11,121,78
2021-07-03 04:00:00,Heroica Nogales,d01,20,0.0,0.0,0,42.9,9,128,77
2021-07-03 05:00:00,Heroica Nogales,d01,19,5.0,5.0,0,46.7,18,41,92
2021-07-03 06:00:00,Heroica Nogales,d01,18,25.0,30.0,27,41.8,16,99,96
2021-07-03 07:00:00,Heroica Nogales,d01,19,2.3,32.3,134,40.3,4,96,90
2021-07-03 08:00:00,Heroica Nogales,d01,20,0.0,32.3,136,41.5,9,129,87
2021-07-03 09:00:00,Heroica Nogales,d01,21,0.0,32.3,290,42.4,10,165,83
2021-07-03 10:00:00,Heroica Nogales,d01,22,0.1,32.4,352,40.6,8,146,82
2021-07-03 11:00:00,Heroica Nogales,d01,23,0.0,32.4,648,40.9,3,139,72
2021-07-03 12:00:00,Heroica Nogales,d01,25,0.0,32.4,850,41.6,4,237,64
2021-07-03 13:00:00,Heroica Nogales,d01,26,0.0,32.4,792,44.4,5,10,60
2021-07-03 14:00:00,Heroica Nogales,d01,26,0.0,32.4,314,45.2,4,103,60
2021-07-03 15:00:00,Heroica Nogales,d01,24,0.5,32.9,558,48.1,23,207,84
2021-07-03 16:00:00,Heroica Nogales,d01,23,2.2,35.1,605,43.8,25,235,86
2021-07-03 17:00:00,Heroica Nogales,d01,23,0.0,35.1,402,40.9,21,246,86
2021-07-03 18:00:00,Heroica Nogales,d01,22,0.0,35.1,189,42.3,23,251,89
2021-07-03 19:00:00,Heroica Nogales,d01,22,0.0,35.1,23,44.3,19,246,88
2021-07-03 20:00:00,Heroica Nogales,d01,21,1.3,36.4,0,46.0,14,246,92
2021-07-03 21:00:00,Heroica Nogales,d01,21,0.3,36.7,0,45.8,10,286,90
2021-07-03 22:00:00,Heroica Nogales,d01,20,2.8,39.5,0,43.0,7,359,94
2021-07-03 23:00:00,Heroica Nogales,d01,20,0.0,39.5,0,42.0,3,338,93
2021-07-04 00:00:00,Heroica Nogales,d01,19,0.0,39.5,0,43.4,3,58,94
2021-07-04 01:00:00,Heroica Nogales,d01,19,0.0,39.5,0,43.3,3,247,96
2021-07-04 02:00:00,Heroica Nogales,d01,19,0.0,39.5,0,41.7,6,251,94
2021-07-04 03:00:00,Heroica Nogales,d01,19,0.0,39.5,0,42.7,6,316,92
2021-07-04 04:00:00,Heroica Nogales,d01,19,0.0,39.5,0,42.8,5,342,97
2021-07-04 05:00:00,Heroica Nogales,d01,19,0.0,39.5,0,42.3,4,76,100
2021-07-04 06:00:00,Heroica Nogales,d01,19,0.0,39.5,65,42.9,8,139,96
2021-07-04 07:00:00,Heroica Nogales,d01,20,1.8,41.4,42,44.8,16,172,94
2021-07-04 08:00:00,Heroica Nogales,d01,20,0.9,42.2,418,43.5,22,176,94
2021-07-04 09:00:00,Heroica Nogales,d01,22,0.0,42.2,707,41.6,23,184,87
2021-07-04 10:00:00,Heroica Nogales,d01,23,0.0,42.2,871,41.9,24,181,83
2021-07-04 11:00:00,Heroica Nogales,d01,21,1.1,43.3,242,44.2,27,220,93
2021-07-04 12:00:00,Heroica Nogales,d01,23,0.4,43.7,1033,44.4,24,224,87
2021-07-04 13:00:00,Heroica Nogales,d01,23,0.0,43.7,1039,43.8,22,223,83
2021-07-04 14:00:00,Heroica Nogales,d01,24,0.0,43.7,736,43.9,19,226,79
2021-07-04 15:00:00,Heroica Nogales,d01,24,0.0,43.7,855,43.4,22,237,78
2021-07-04 16:00:00,Heroica Nogales,d01,24,0.0,43.7,682,43.2,20,242,80
2021-07-04 17:00:00,Heroica Nogales,d01,22,0.0,43.7,289,42.8,28,272,85
2021-07-04 18:00:00,Heroica Nogales,d01,23,0.0,43.7,216,42.1,21,239,76
2021-07-04 19:00:00,Heroica Nogales,d01,22,0.0,43.7,69,42.7,15,225,79
2021-07-04 20:00:00,Heroica Nogales,d01,21,0.0,43.7,0,42.0,13,214,83
2021-07-04 21:00:00,Heroica Nogales,d01,21,0.0,43.7,0,41.6,13,184,88
2021-07-04 22:00:00,Heroica Nogales,d01,20,0.0,43.7,0,41.8,9,177,86
2021-07-04 23:00:00,Heroica Nogales,d01,20,0.0,43.7,0,41.2,8,176,82
2021-07-05 00:00:00,Heroica Nogales,d01,20,0.0,43.7,0,41.4,8,167,79
2021-07-05 01:00:00,Heroica Nogales,d01,20,0.0,43.7,0,40.8,7,175,77
2021-07-05 02:00:00,Heroica Nogales,d01,19,0.0,43.7,0,39.3,7,179,78
2021-07-05 03:00:00,Heroica Nogales,d01,19,0.0,43.7,0,38.3,9,181,78
2021-07-05 04:00:00,Heroica Nogales,d01,19,0.0,43.7,0,38.0,10,184,81
2021-07-05 05:00:00,Heroica Nogales,d01,19,0.0,43.7,0,37.8,10,189,83
2021-07-05 06:00:00,Heroica Nogales,d01,19,0.0,43.7,90,37.5,13,175,81
2021-07-05 07:00:00,Heroica Nogales,d01,21,0.0,43.7,270,37.4,15,184,79
2021-07-05 08:00:00,Heroica Nogales,d01,22,0.0,43.7,492,37.4,17,184,75
2021-07-05 09:00:00,Heroica Nogales,d01,23,0.0,43.7,697,38.6,18,189,70
2021-07-05 10:00:00,Heroica Nogales,d01,24,0.0,43.7,652,40.4,20,194,71
2021-07-05 11:00:00,Heroica Nogales,d01,24,0.0,43.7,959,40.4,20,197,70
2021-07-05 12:00:00,Heroica Nogales,d01,26,0.0,43.7,1051,40.3,20,204,58
2021-07-05 13:00:00,Heroica Nogales,d01,26,0.0,43.7,1051,41.0,20,221,58
2021-07-05 14:00:00,Heroica Nogales,d01,26,0.0,43.7,987,40.6,20,220,57
2021-07-05 15:00:00,Heroica Nogales,d01,27,0.0,43.7,865,40.0,17,219,55
2021-07-05 16:00:00,Heroica Nogales,d01,27,0.0,43.7,694,39.6,13,221,52
2021-07-05 17:00:00,Heroica Nogales,d01,27,0.0,43.7,486,42.0,15,221,59
2021-07-05 18:00:00,Heroica Nogales,d01,26,0.0,43.7,264,43.3,4,227,60
2021-07-05 19:00:00,Heroica Nogales,d01,25,1.1,44.8,5,44.3,5,309,66
2021-07-05 20:00:00,Heroica Nogales,d01,23,2.7,47.4,0,43.2,7,246,74
2021-07-05 21:00:00,Heroica Nogales,d01,22,2.1,49.5,0,42.6,8,285,82
2021-07-05 22:00:00,Heroica Nogales,d01,22,1.1,50.6,0,42.8,5,331,77
2021-07-05 23:00:00,Heroica Nogales,d01,22,0.0,50.6,0,41.2,3,329,80
2021-07-06 00:00:00,Heroica Nogales,d01,22,0.0,50.6,0,41.8,4,349,82
2021-07-06 01:00:00,Heroica Nogales,d01,21,0.0,50.6,0,41.4,4,328,84
2021-07-06 02:00:00,Heroica Nogales,d01,21,0.0,50.6,0,41.9,4,340,85
2021-07-06 03:00:00,Heroica Nogales,d01,21,0.0,50.6,0,41.6,3,321,85
2021-07-06 04:00:00,Heroica Nogales,d01,20,0.0,50.6,0,41.8,12,154,88
2021-07-06 05:00:00,Heroica Nogales,d01,20,0.0,50.6,0,41.2,6,181,87
2021-07-06 06:00:00,Heroica Nogales,d01,20,0.0,50.6,80,41.9,4,148,87
2021-07-06 07:00:00,Heroica Nogales,d01,20,1.9,52.5,11,44.8,21,128,89
2021-07-06 08:00:00,Heroica Nogales,d01,21,5.5,58.0,515,39.3,11,196,83
2021-07-06 09:00:00,Heroica Nogales,d01,23,0.0,58.0,718,39.1,7,213,75
2021-07-06 10:00:00,Heroica Nogales,d01,24,0.0,58.0,829,40.3,7,227,67
2021-07-06 11:00:00,Heroica Nogales,d01,26,0.0,58.0,981,41.2,2,356,60
2021-07-02 23:00:00,Caborca,d01,30,0.0,0.0,0,49.8,4,315,46
2021-07-03 00:00:00,Caborca,d01,30,0.0,0.0,0,48.9,6,271,47
2021-07-03 01:00:00,Caborca,d01,29,0.0,0.0,0,49.3,7,271,48
2021-07-03 02:00:00,Caborca,d01,29,0.0,0.0,0,49.3,7,267,50
2021-07-03 03:00:00,Caborca,d01,28,0.0,0.0,0,48.8,4,272,52
2021-07-03 04:00:00,Caborca,d01,28,0.0,0.0,0,49.0,1,274,53
2021-07-03 05:00:00,Caborca,d01,27,0.0,0.0,0,49.2,1,303,54
2021-07-03 06:00:00,Caborca,d01,27,0.0,0.0,41,47.3,3,252,55
2021-07-03 07:00:00,Caborca,d01,29,0.0,0.0,100,47.6,3,248,49
2021-07-03 08:00:00,Caborca,d01,30,0.0,0.0,484,49.7,6,212,43
2021-07-03 09:00:00,Caborca,d01,33,0.0,0.0,686,54.0,4,136,39
2021-07-03 10:00:00,Caborca,d01,33,0.0,0.0,817,57.4,8,103,47
2021-07-03 11:00:00,Caborca,d01,33,0.1,0.1,75,59.0,5,26,44
2021-07-03 12:00:00,Caborca,d01,30,3.9,3.9,214,57.7,5,111,54
2021-07-03 13:00:00,Caborca,d01,33,0.8,4.7,1013,55.6,9,173,45
2021-07-03 14:00:00,Caborca,d01,29,0.3,5.0,141,60.1,19,22,63
2021-07-03 15:00:00,Caborca,d01,32,0.6,5.6,577,57.3,8,141,53
2021-07-03 16:00:00,Caborca,d01,32,0.0,5.6,465,61.0,19,65,53
2021-07-03 17:00:00,Caborca,d01,27,1.8,7.4,91,62.5,12,9,78
2021-07-03 18:00:00,Caborca,d01,29,0.4,7.8,109,57.2,14,121,65
2021-07-03 19:00:00,Caborca,d01,30,0.0,7.8,25,60.2,8,75,58
2021-07-03 20:00:00,Caborca,d01,29,0.0,7.8,0,61.6,8,122,61
2021-07-03 21:00:00,Caborca,d01,29,0.0,7.8,0,61.3,5,145,61
2021-07-03 22:00:00,Caborca,d01,28,0.0,7.8,0,60.8,7,260,67
2021-07-03 23:00:00,Caborca,d01,28,0.0,7.8,0,61.8,2,27,68
2021-07-04 00:00:00,Caborca,d01,28,0.0,7.8,0,61.1,7,34,69
2021-07-04 01:00:00,Caborca,d01,28,0.0,7.8,0,61.4,1,66,69
2021-07-04 02:00:00,Caborca,d01,27,0.0,7.8,0,60.2,2,350,70
2021-07-04 03:00:00,Caborca,d01,27,0.0,7.8,0,62.4,7,69,73
2021-07-04 04:00:00,Caborca,d01,25,2.5,10.3,0,62.2,12,28,85
2021-07-04 05:00:00,Caborca,d01,25,1.7,12.0,0,61.6,14,99,88
2021-07-04 06:00:00,Caborca,d01,25,0.0,12.0,34,60.7,5,79,84
2021-07-04 07:00:00,Caborca,d01,26,0.0,12.0,249,58.8,8,42,82
2021-07-04 08:00:00,Caborca,d01,27,0.0,12.0,465,61.4,5,50,80
2021-07-04 09:00:00,Caborca,d01,28,0.0,12.0,668,61.7,4,69,73
2021-07-04 10:00:00,Caborca,d01,30,0.0,12.0,819,62.9,5,98,68
2021-07-04 11:00:00,Caborca,d01,30,0.0,12.0,206,60.5,9,196,56
2021-07-04 12:00:00,Caborca,d01,33,0.0,12.0,1009,58.8,17,208,47
2021-07-04 13:00:00,Caborca,d01,33,0.0,12.0,597,58.6,20,210,44
2021-07-04 14:00:00,Caborca,d01,32,0.1,12.0,673,57.6,8,17,49
2021-07-04 15:00:00,Caborca,d01,33,0.1,12.1,847,60.2,14,8,53
2021-07-04 16:00:00,Caborca,d01,34,0.0,12.1,638,59.4,19,334,48
2021-07-04 17:00:00,Caborca,d01,34,0.0,12.1,517,50.7,12,302,35
2021-07-04 18:00:00,Caborca,d01,34,0.0,12.1,298,51.2,12,342,39
2021-07-04 19:00:00,Caborca,d01,33,0.0,12.1,83,51.7,9,2,44
2021-07-04 20:00:00,Caborca,d01,32,0.0,12.1,0,54.3,12,101,52
2021-07-04 21:00:00,Caborca,d01,31,0.0,12.1,0,54.0,10,89,55
2021-07-04 22:00:00,Caborca,d01,29,0.0,12.1,0,54.1,12,111,64
2021-07-04 23:00:00,Caborca,d01,29,0.0,12.1,0,56.0,5,94,63
2021-07-05 00:00:00,Caborca,d01,28,0.0,12.1,0,56.0,6,67,66
2021-07-05 01:00:00,Caborca,d01,27,0.0,12.1,0,55.1,8,59,69
2021-07-05 02:00:00,Caborca,d01,27,0.0,12.1,0,53.6,5,74,71
2021-07-05 03:00:00,Caborca,d01,27,0.0,12.1,0,52.0,4,70,72
2021-07-05 04:00:00,Caborca,d01,27,0.0,12.1,0,53.8,3,143,65
2021-07-05 05:00:00,Caborca,d01,27,0.0,12.1,0,54.3,2,205,55
2021-07-05 06:00:00,Caborca,d01,27,0.0,12.1,64,55.9,4,63,62
2021-07-05 07:00:00,Caborca,d01,28,0.0,12.1,239,56.0,6,91,62
2021-07-05 08:00:00,Caborca,d01,29,0.0,12.1,401,56.3,7,103,55
2021-07-05 09:00:00,Caborca,d01,29,0.0,12.1,414,55.9,7,93,52
2021-07-05 10:00:00,Caborca,d01,31,0.0,12.1,763,54.7,4,69,53
2021-07-05 11:00:00,Caborca,d01,33,0.0,12.1,961,54.9,3,350,48
2021-07-05 12:00:00,Caborca,d01,34,0.0,12.1,1000,54.9,5,303,45
2021-07-05 13:00:00,Caborca,d01,35,0.0,12.1,1034,53.5,10,288,40
2021-07-05 14:00:00,Caborca,d01,36,0.0,12.1,978,52.4,17,294,37
2021-07-05 15:00:00,Caborca,d01,36,0.0,12.1,120,55.0,13,305,38
2021-07-05 16:00:00,Caborca,d01,33,0.9,13.1,678,57.0,10,275,48
2021-07-05 17:00:00,Caborca,d01,35,0.0,13.1,484,52.9,13,311,38
2021-07-05 18:00:00,Caborca,d01,35,0.0,13.1,221,55.4,11,323,39
2021-07-05 19:00:00,Caborca,d01,34,0.0,13.1,59,56.3,12,335,41
2021-07-05 20:00:00,Caborca,d01,34,0.0,13.1,0,56.8,8,315,43
2021-07-05 21:00:00,Caborca,d01,33,0.0,13.1,0,52.1,11,276,29
2021-07-05 22:00:00,Caborca,d01,32,0.0,13.1,0,53.3,7,278,30
2021-07-05 23:00:00,Caborca,d01,31,0.0,13.1,0,53.1,2,12,31
2021-07-06 00:00:00,Caborca,d01,30,0.0,13.1,0,55.5,6,107,53
2021-07-06 01:00:00,Caborca,d01,29,0.0,13.1,0,56.0,5,130,63
2021-07-06 02:00:00,Caborca,d01,30,0.0,13.1,0,53.8,11,235,44
2021-07-06 03:00:00,Caborca,d01,29,0.0,13.1,0,51.9,2,136,46
2021-07-06 04:00:00,Caborca,d01,28,0.0,13.1,0,53.4,10,90,71
2021-07-06 05:00:00,Caborca,d01,27,0.0,13.1,0,53.6,15,83,73
2021-07-06 06:00:00,Caborca,d01,27,0.2,13.3,22,55.2,20,73,73
2021-07-06 07:00:00,Caborca,d01,26,0.4,13.7,67,59.0,5,88,73
2021-07-06 08:00:00,Caborca,d01,29,0.0,13.7,147,54.8,9,91,62
2021-07-06 09:00:00,Caborca,d01,29,0.1,13.9,581,56.1,31,96,63
2021-07-06 10:00:00,Caborca,d01,31,0.0,13.9,849,52.0,9,101,52
2021-07-06 11:00:00,Caborca,d01,33,0.0,13.9,951,48.9,5,69,44
2021-07-02 23:00:00,Santa Ana,d01,27,0.0,0.0,0,49.5,13,78,68
2021-07-03 00:00:00,Santa Ana,d01,27,0.0,0.0,0,49.3,10,62,67
2021-07-03 01:00:00,Santa Ana,d01,26,0.0,0.0,0,50.2,10,55,71
2021-07-03 02:00:00,Santa Ana,d01,26,0.0,0.0,0,49.9,10,49,68
2021-07-03 03:00:00,Santa Ana,d01,25,0.0,0.0,0,51.1,7,101,68
2021-07-03 04:00:00,Santa Ana,d01,25,0.0,0.0,0,51.3,14,148,81
2021-07-03 05:00:00,Santa Ana,d01,25,0.0,0.0,0,50.9,17,172,81
2021-07-03 06:00:00,Santa Ana,d01,25,0.4,0.4,26,52.6,16,174,86
2021-07-03 07:00:00,Santa Ana,d01,24,0.3,0.7,40,53.7,14,123,77
2021-07-03 08:00:00,Santa Ana,d01,21,7.4,8.1,18,48.7,19,64,89
2021-07-03 09:00:00,Santa Ana,d01,22,20.1,28.1,516,49.3,23,33,85
2021-07-03 10:00:00,Santa Ana,d01,24,0.7,28.8,524,50.0,12,63,75
2021-07-03 11:00:00,Santa Ana,d01,25,0.1,28.9,42,54.6,6,63,71
2021-07-03 12:00:00,Santa Ana,d01,22,6.1,35.0,657,54.7,12,167,90
2021-07-03 13:00:00,Santa Ana,d01,24,0.0,35.0,932,53.3,19,176,88
2021-07-03 14:00:00,Santa Ana,d01,26,0.0,35.0,980,52.3,12,167,80
2021-07-03 15:00:00,Santa Ana,d01,27,0.0,35.0,861,53.4,9,236,72
2021-07-03 16:00:00,Santa Ana,d01,27,0.0,35.0,673,53.8,8,246,68
2021-07-03 17:00:00,Santa Ana,d01,22,5.5,40.6,24,58.9,20,308,94
2021-07-03 18:00:00,Santa Ana,d01,23,12.9,53.4,104,50.8,7,313,91
2021-07-03 19:00:00,Santa Ana,d01,24,0.0,53.4,38,50.1,3,328,83
2021-07-03 20:00:00,Santa Ana,d01,24,0.0,53.4,0,53.4,6,58,82
2021-07-03 21:00:00,Santa Ana,d01,24,0.1,53.5,0,52.0,3,66,80
2021-07-03 22:00:00,Santa Ana,d01,24,0.0,53.6,0,52.8,0,359,79
2021-07-03 23:00:00,Santa Ana,d01,23,0.0,53.6,0,53.9,2,277,81
2021-07-04 00:00:00,Santa Ana,d01,23,0.0,53.6,0,54.2,2,248,85
2021-07-04 01:00:00,Santa Ana,d01,23,0.0,53.6,0,54.0,2,265,87
2021-07-04 02:00:00,Santa Ana,d01,23,0.1,53.7,0,54.5,2,244,90
2021-07-04 03:00:00,Santa Ana,d01,22,0.2,54.0,0,54.4,4,171,93
2021-07-04 04:00:00,Santa Ana,d01,22,0.2,54.1,0,53.7,6,143,93
2021-07-04 05:00:00,Santa Ana,d01,22,0.1,54.2,0,53.0,9,147,92
2021-07-04 06:00:00,Santa Ana,d01,22,0.0,54.2,60,53.1,12,156,92
2021-07-04 07:00:00,Santa Ana,d01,23,0.0,54.2,267,53.3,12,157,86
2021-07-04 08:00:00,Santa Ana,d01,24,0.0,54.2,487,53.2,13,185,85
2021-07-04 09:00:00,Santa Ana,d01,25,0.5,54.7,503,53.3,10,247,82
2021-07-04 10:00:00,Santa Ana,d01,22,20.1,74.8,159,54.0,10,243,93
2021-07-04 11:00:00,Santa Ana,d01,24,0.3,75.2,746,51.6,7,179,81
2021-07-04 12:00:00,Santa Ana,d01,26,0.0,75.2,997,52.8,12,209,67
2021-07-04 13:00:00,Santa Ana,d01,23,11.7,86.9,436,53.7,9,248,96
2021-07-04 14:00:00,Santa Ana,d01,25,1.3,88.2,655,51.3,10,17,76
2021-07-04 15:00:00,Santa Ana,d01,27,0.0,88.2,778,51.1,9,26,70
2021-07-04 16:00:00,Santa Ana,d01,28,0.0,88.2,664,50.6,8,14,64
2021-07-04 17:00:00,Santa Ana,d01,24,0.0,88.3,503,53.9,35,258,81
2021-07-04 18:00:00,Santa Ana,d01,23,3.3,91.6,270,51.6,7,222,86
2021-07-04 19:00:00,Santa Ana,d01,24,0.0,91.6,54,50.4,7,116,80
2021-07-04 20:00:00,Santa Ana,d01,24,0.0,91.6,0,51.6,7,20,82
2021-07-04 21:00:00,Santa Ana,d01,24,0.0,91.6,0,51.2,6,95,81
2021-07-04 22:00:00,Santa Ana,d01,23,0.0,91.6,0,49.8,5,116,81
2021-07-04 23:00:00,Santa Ana,d01,23,0.0,91.6,0,48.7,6,101,77
2021-07-05 00:00:00,Santa Ana,d01,24,0.0,91.6,0,47.0,5,136,73
2021-07-05 01:00:00,Santa Ana,d01,22,0.0,91.6,0,45.8,6,153,85
2021-07-05 02:00:00,Santa Ana,d01,22,0.0,91.6,0,44.8,8,133,89
2021-07-05 03:00:00,Santa Ana,d01,22,0.0,91.6,0,44.4,9,125,79
2021-07-05 04:00:00,Santa Ana,d01,22,0.0,91.6,0,44.0,9,130,76
2021-07-05 05:00:00,Santa Ana,d01,22,0.0,91.6,0,44.1,10,148,76
2021-07-05 06:00:00,Santa Ana,d01,22,0.0,91.6,82,42.9,14,146,81
2021-07-05 07:00:00,Santa Ana,d01,23,0.0,91.6,259,42.7,18,154,82
2021-07-05 08:00:00,Santa Ana,d01,25,0.0,91.6,481,42.3,17,163,76
2021-07-05 09:00:00,Santa Ana,d01,26,0.0,91.6,659,44.2,13,185,67
2021-07-05 10:00:00,Santa Ana,d01,26,0.0,91.6,242,44.9,14,212,58
2021-07-05 11:00:00,Santa Ana,d01,28,0.0,91.6,955,47.5,8,206,55
2021-07-05 12:00:00,Santa Ana,d01,29,0.0,91.6,1039,48.1,10,197,53
2021-07-05 13:00:00,Santa Ana,d01,30,0.0,91.6,1041,47.6,12,237,47
2021-07-05 14:00:00,Santa Ana,d01,31,0.0,91.6,954,46.5,16,261,43
2021-07-05 15:00:00,Santa Ana,d01,31,0.0,91.6,858,44.5,15,278,43
2021-07-05 16:00:00,Santa Ana,d01,31,0.0,91.6,687,44.2,16,293,43
2021-07-05 17:00:00,Santa Ana,d01,30,0.0,91.6,480,45.7,19,306,52
2021-07-05 18:00:00,Santa Ana,d01,29,0.0,91.6,257,50.6,30,274,59
2021-07-05 19:00:00,Santa Ana,d01,27,0.0,91.6,52,49.4,16,295,63
2021-07-05 20:00:00,Santa Ana,d01,26,0.0,91.6,0,50.0,6,306,69
2021-07-05 21:00:00,Santa Ana,d01,26,0.0,91.6,0,50.3,3,281,72
2021-07-05 22:00:00,Santa Ana,d01,25,0.0,91.6,0,52.0,4,305,75
2021-07-05 23:00:00,Santa Ana,d01,25,0.0,91.6,0,52.0,9,310,75
2021-07-06 00:00:00,Santa Ana,d01,24,0.0,91.6,0,51.1,8,301,79
2021-07-06 01:00:00,Santa Ana,d01,23,0.0,91.6,0,50.9,6,287,82
2021-07-06 02:00:00,Santa Ana,d01,23,0.0,91.6,0,51.0,5,268,87
2021-07-06 03:00:00,Santa Ana,d01,22,0.0,91.6,0,51.8,3,247,94
2021-07-06 04:00:00,Santa Ana,d01,22,0.0,91.6,0,51.4,2,158,95
2021-07-06 05:00:00,Santa Ana,d01,22,0.0,91.6,0,51.3,3,117,94
2021-07-06 06:00:00,Santa Ana,d01,22,0.0,91.6,71,50.2,3,210,97
2021-07-06 07:00:00,Santa Ana,d01,24,0.0,91.6,209,52.0,8,63,85
2021-07-06 08:00:00,Santa Ana,d01,25,0.0,91.6,165,50.7,13,48,66
2021-07-06 09:00:00,Santa Ana,d01,24,0.3,91.9,290,45.7,12,1,75
2021-07-06 10:00:00,Santa Ana,d01,26,0.0,91.9,550,45.9,10,14,65
2021-07-06 11:00:00,Santa Ana,d01,28,0.0,91.9,751,45.7,4,343,58
2021-07-02 23:00:00,Navojoa,d01,31,0.0,0.0,0,63.3,8,252,57
2021-07-03 00:00:00,Navojoa,d01,30,0.0,0.0,0,62.2,8,250,58
2021-07-03 01:00:00,Navojoa,d01,30,0.0,0.0,0,63.1,8,271,61
2021-07-03 02:00:00,Navojoa,d01,29,0.0,0.0,0,62.9,4,250,64
2021-07-03 03:00:00,Navojoa,d01,29,0.0,0.0,0,62.5,5,218,68
2021-07-03 04:00:00,Navojoa,d01,28,0.0,0.0,0,62.3,5,201,74
2021-07-03 05:00:00,Navojoa,d01,28,0.0,0.0,0,61.6,4,194,79
2021-07-03 06:00:00,Navojoa,d01,28,0.0,0.0,56,62.2,8,169,81
2021-07-03 07:00:00,Navojoa,d01,29,0.0,0.0,282,62.3,5,205,71
2021-07-03 08:00:00,Navojoa,d01,31,0.0,0.0,507,61.6,6,188,59
2021-07-03 09:00:00,Navojoa,d01,33,0.0,0.0,693,62.5,6,186,53
2021-07-03 10:00:00,Navojoa,d01,34,0.0,0.0,873,63.8,8,181,52
2021-07-03 11:00:00,Navojoa,d01,35,0.0,0.0,306,66.8,11,172,52
2021-07-03 12:00:00,Navojoa,d01,35,0.4,0.4,925,66.5,8,191,52
2021-07-03 13:00:00,Navojoa,d01,31,4.2,4.6,90,71.6,12,339,67
2021-07-03 14:00:00,Navojoa,d01,32,8.4,13.0,437,65.2,4,275,64
2021-07-03 15:00:00,Navojoa,d01,34,0.0,13.0,836,62.4,14,262,53
2021-07-03 16:00:00,Navojoa,d01,34,0.0,13.0,658,63.6,14,309,52
2021-07-03 17:00:00,Navojoa,d01,33,0.0,13.0,418,63.1,14,300,57
2021-07-03 18:00:00,Navojoa,d01,32,0.0,13.0,81,61.0,9,249,57
2021-07-03 19:00:00,Navojoa,d01,32,0.0,13.0,17,60.4,8,287,55
2021-07-03 20:00:00,Navojoa,d01,31,0.0,13.0,0,61.4,4,342,52
2021-07-03 21:00:00,Navojoa,d01,31,0.0,13.0,0,60.7,3,37,52
2021-07-03 22:00:00,Navojoa,d01,30,0.0,13.0,0,59.9,1,326,53
2021-07-03 23:00:00,Navojoa,d01,30,0.0,13.0,0,60.2,8,168,64
2021-07-04 00:00:00,Navojoa,d01,29,0.0,13.0,0,63.6,11,186,76
2021-07-04 01:00:00,Navojoa,d01,28,0.0,13.0,0,64.2,11,182,79
2021-07-04 02:00:00,Navojoa,d01,28,0.0,13.0,0,63.5,11,181,78
2021-07-04 03:00:00,Navojoa,d01,28,0.0,13.0,0,63.7,10,187,82
2021-07-04 04:00:00,Navojoa,d01,27,0.0,13.0,0,63.7,10,179,81
2021-07-04 05:00:00,Navojoa,d01,27,0.0,13.0,0,63.8,11,166,80
2021-07-04 06:00:00,Navojoa,d01,27,0.0,13.0,56,63.8,12,158,79
2021-07-04 07:00:00,Navojoa,d01,28,0.0,13.0,183,63.6,15,152,75
2021-07-04 08:00:00,Navojoa,d01,29,0.0,13.0,320,63.4,16,153,71
2021-07-04 09:00:00,Navojoa,d01,30,0.0,13.0,663,63.7,15,149,64
2021-07-04 10:00:00,Navojoa,d01,32,0.0,13.0,713,63.4,15,157,57
2021-07-04 11:00:00,Navojoa,d01,33,0.0,13.0,877,63.4,11,167,52
2021-07-04 12:00:00,Navojoa,d01,34,0.0,13.0,1036,62.8,10,177,48
2021-07-04 13:00:00,Navojoa,d01,35,0.0,13.0,1027,61.3,11,199,45
2021-07-04 14:00:00,Navojoa,d01,36,0.0,13.0,934,60.6,12,204,43
2021-07-04 15:00:00,Navojoa,d01,36,0.0,13.0,803,60.0,13,208,42
2021-07-04 16:00:00,Navojoa,d01,35,0.0,13.0,602,60.4,17,222,45
2021-07-04 17:00:00,Navojoa,d01,34,0.0,13.0,455,60.1,17,232,47
2021-07-04 18:00:00,Navojoa,d01,33,0.0,13.0,210,59.6,14,237,49
2021-07-04 19:00:00,Navojoa,d01,32,0.0,13.0,25,60.3,12,228,51
2021-07-04 20:00:00,Navojoa,d01,32,0.0,13.0,0,59.7,9,224,54
2021-07-04 21:00:00,Navojoa,d01,31,0.0,13.0,0,60.5,7,213,58
2021-07-04 22:00:00,Navojoa,d01,30,0.0,13.0,0,61.3,7,169,65
2021-07-04 23:00:00,Navojoa,d01,29,0.0,13.0,0,61.5,9,185,71
2021-07-05 00:00:00,Navojoa,d01,29,0.0,13.0,0,60.7,12,182,75
2021-07-05 01:00:00,Navojoa,d01,28,0.0,13.0,0,60.3,14,184,79
2021-07-05 02:00:00,Navojoa,d01,28,0.0,13.0,0,61.0,11,179,78
2021-07-05 03:00:00,Navojoa,d01,28,0.0,13.0,0,59.2,11,187,75
2021-07-05 04:00:00,Navojoa,d01,27,0.0,13.0,0,58.9,10,171,73
2021-07-05 05:00:00,Navojoa,d01,27,0.0,13.0,0,57.3,9,145,73
2021-07-05 06:00:00,Navojoa,d01,27,0.0,13.0,80,56.4,10,139,74
2021-07-05 07:00:00,Navojoa,d01,28,0.0,13.0,252,56.2,11,140,66
2021-07-05 08:00:00,Navojoa,d01,30,0.0,13.0,484,56.0,11,150,57
2021-07-05 09:00:00,Navojoa,d01,32,0.0,13.0,692,56.0,11,154,51
2021-07-05 10:00:00,Navojoa,d01,33,0.0,13.0,862,56.0,11,163,47
2021-07-05 11:00:00,Navojoa,d01,35,0.0,13.0,981,56.1,10,178,43
2021-07-05 12:00:00,Navojoa,d01,36,0.0,13.0,1040,55.6,9,192,41
2021-07-05 13:00:00,Navojoa,d01,37,0.0,13.0,1034,55.5,11,209,40
2021-07-05 14:00:00,Navojoa,d01,37,0.0,13.0,964,54.1,13,213,38
2021-07-05 15:00:00,Navojoa,d01,37,0.0,13.0,802,54.0,16,211,39
2021-07-05 16:00:00,Navojoa,d01,36,0.0,13.0,649,55.6,19,222,44
2021-07-05 17:00:00,Navojoa,d01,35,0.0,13.0,425,55.3,19,223,45
2021-07-05 18:00:00,Navojoa,d01,34,0.0,13.0,133,55.7,17,226,45
2021-07-05 19:00:00,Navojoa,d01,33,0.0,13.0,10,55.4,15,221,49
2021-07-05 20:00:00,Navojoa,d01,32,0.0,13.0,0,55.7,12,205,52
2021-07-05 21:00:00,Navojoa,d01,30,0.0,13.0,0,56.0,11,184,58
2021-07-05 22:00:00,Navojoa,d01,30,0.0,13.0,0,57.0,10,172,63
2021-07-05 23:00:00,Navojoa,d01,29,0.0,13.0,0,56.6,10,171,66
2021-07-06 00:00:00,Navojoa,d01,29,0.0,13.0,0,56.0,11,175,69
2021-07-06 01:00:00,Navojoa,d01,28,0.0,13.0,0,56.5,9,181,71
2021-07-06 02:00:00,Navojoa,d01,28,0.0,13.0,0,56.0,8,186,76
2021-07-06 03:00:00,Navojoa,d01,28,0.0,13.0,0,55.0,6,183,79
2021-07-06 04:00:00,Navojoa,d01,27,0.0,13.0,0,52.8,7,165,77
2021-07-06 05:00:00,Navojoa,d01,27,0.0,13.0,0,52.2,5,124,75
2021-07-06 06:00:00,Navojoa,d01,28,0.0,13.0,63,49.4,9,119,71
2021-07-06 07:00:00,Navojoa,d01,29,0.0,13.0,286,47.5,10,122,65
2021-07-06 08:00:00,Navojoa,d01,31,0.0,13.0,513,45.7,12,141,57
2021-07-06 09:00:00,Navojoa,d01,32,0.0,13.0,719,45.3,12,153,52
2021-07-06 10:00:00,Navojoa,d01,34,0.0,13.0,887,44.1,15,172,47
2021-07-06 11:00:00,Navojoa,d01,35,0.0,13.0,942,44.4,13,178,42
2021-07-02 23:00:00,Bahía de Kino,d01,29,0.0,0.0,0,55.2,4,250,70
2021-07-03 00:00:00,Bahía de Kino,d01,29,0.0,0.0,0,55.4,8,214,74
2021-07-03 01:00:00,Bahía de Kino,d01,28,0.0,0.0,0,54.4,11,224,81
2021-07-03 02:00:00,Bahía de Kino,d01,28,0.0,0.0,0,54.0,10,233,83
2021-07-03 03:00:00,Bahía de Kino,d01,28,0.0,0.0,0,53.8,9,220,83
2021-07-03 04:00:00,Bahía de Kino,d01,28,0.0,0.0,0,54.0,5,203,83
2021-07-03 05:00:00,Bahía de Kino,d01,28,0.0,0.0,0,54.3,8,127,81
2021-07-03 06:00:00,Bahía de Kino,d01,28,0.0,0.0,47,53.8,5,100,81
2021-07-03 07:00:00,Bahía de Kino,d01,28,0.0,0.0,251,53.8,6,128,78
2021-07-03 08:00:00,Bahía de Kino,d01,29,0.0,0.0,473,56.6,9,122,69
2021-07-03 09:00:00,Bahía de Kino,d01,30,0.0,0.0,676,57.8,10,154,63
2021-07-03 10:00:00,Bahía de Kino,d01,30,0.0,0.0,844,58.1,7,174,68
2021-07-03 11:00:00,Bahía de Kino,d01,31,0.0,0.0,967,56.4,6,114,60
2021-07-03 12:00:00,Bahía de Kino,d01,30,0.0,0.0,962,54.8,12,183,71
2021-07-03 13:00:00,Bahía de Kino,d01,30,0.0,0.0,992,54.5,11,208,73
2021-07-03 14:00:00,Bahía de Kino,d01,30,0.0,0.0,948,52.9,18,218,79
2021-07-03 15:00:00,Bahía de Kino,d01,30,0.0,0.0,800,53.3,14,230,79
2021-07-03 16:00:00,Bahía de Kino,d01,30,0.0,0.0,653,49.9,12,222,73
2021-07-03 17:00:00,Bahía de Kino,d01,30,0.0,0.0,498,43.7,11,215,74
2021-07-03 18:00:00,Bahía de Kino,d01,29,0.0,0.0,277,42.7,12,215,75
2021-07-03 19:00:00,Bahía de Kino,d01,29,0.0,0.0,65,45.6,10,250,70
2021-07-03 20:00:00,Bahía de Kino,d01,29,0.0,0.0,0,47.4,11,300,72
2021-07-03 21:00:00,Bahía de Kino,d01,29,0.0,0.0,0,45.9,8,225,65
2021-07-03 22:00:00,Bahía de Kino,d01,29,0.0,0.0,0,46.0,9,212,72
2021-07-03 23:00:00,Bahía de Kino,d01,29,0.0,0.0,0,47.9,5,188,77
2021-07-04 00:00:00,Bahía de Kino,d01,29,0.0,0.0,0,47.9,3,186,75
2021-07-04 01:00:00,Bahía de Kino,d01,29,0.0,0.0,0,48.6,2,164,69
2021-07-04 02:00:00,Bahía de Kino,d01,28,0.0,0.0,0,48.4,2,143,74
2021-07-04 03:00:00,Bahía de Kino,d01,28,0.0,0.0,0,49.5,6,116,77
2021-07-04 04:00:00,Bahía de Kino,d01,28,0.0,0.0,0,51.6,10,105,76
2021-07-04 05:00:00,Bahía de Kino,d01,28,0.0,0.0,0,53.0,10,118,75
2021-07-04 06:00:00,Bahía de Kino,d01,28,0.0,0.0,39,53.0,9,112,81
2021-07-04 07:00:00,Bahía de Kino,d01,28,0.0,0.0,242,51.1,8,120,83
2021-07-04 08:00:00,Bahía de Kino,d01,28,0.0,0.0,463,52.3,14,162,85
2021-07-04 09:00:00,Bahía de Kino,d01,29,0.0,0.0,670,51.1,19,166,86
2021-07-04 10:00:00,Bahía de Kino,d01,29,0.0,0.0,843,49.9,17,172,87
2021-07-04 11:00:00,Bahía de Kino,d01,29,0.0,0.0,968,48.3,20,176,88
2021-07-04 12:00:00,Bahía de Kino,d01,29,0.0,0.0,1035,45.9,20,186,78
2021-07-04 13:00:00,Bahía de Kino,d01,29,0.0,0.0,1038,44.6,18,195,71
2021-07-04 14:00:00,Bahía de Kino,d01,29,0.0,0.0,975,42.9,19,191,84
2021-07-04 15:00:00,Bahía de Kino,d01,29,0.0,0.0,855,40.6,19,192,86
2021-07-04 16:00:00,Bahía de Kino,d01,29,0.0,0.0,680,44.0,18,191,85
2021-07-04 17:00:00,Bahía de Kino,d01,29,0.0,0.0,508,44.3,17,197,86
2021-07-04 18:00:00,Bahía de Kino,d01,28,0.0,0.0,287,43.8,12,208,87
2021-07-04 19:00:00,Bahía de Kino,d01,28,0.0,0.0,74,45.2,13,209,89
2021-07-04 20:00:00,Bahía de Kino,d01,28,0.0,0.0,0,47.4,13,215,89
2021-07-04 21:00:00,Bahía de Kino,d01,28,0.0,0.0,0,48.1,13,205,89
2021-07-04 22:00:00,Bahía de Kino,d01,28,0.0,0.0,0,48.2,15,206,90
2021-07-04 23:00:00,Bahía de Kino,d01,28,0.0,0.0,0,47.6,11,213,87
2021-07-05 00:00:00,Bahía de Kino,d01,28,0.0,0.0,0,47.2,6,199,91
2021-07-05 01:00:00,Bahía de Kino,d01,28,0.0,0.0,0,45.5,4,166,92
2021-07-05 02:00:00,Bahía de Kino,d01,27,0.0,0.0,0,44.3,10,110,92
2021-07-05 03:00:00,Bahía de Kino,d01,27,0.0,0.0,0,42.9,12,98,90
2021-07-05 04:00:00,Bahía de Kino,d01,27,0.0,0.0,0,41.5,15,85,89
2021-07-05 05:00:00,Bahía de Kino,d01,27,0.0,0.0,0,40.3,14,79,92
2021-07-05 06:00:00,Bahía de Kino,d01,26,0.0,0.0,59,39.7,14,80,94
2021-07-05 07:00:00,Bahía de Kino,d01,28,0.0,0.0,233,40.2,12,131,90
2021-07-05 08:00:00,Bahía de Kino,d01,29,0.0,0.0,457,39.6,20,156,82
2021-07-05 09:00:00,Bahía de Kino,d01,29,0.0,0.0,666,40.2,21,162,87
2021-07-05 10:00:00,Bahía de Kino,d01,29,0.0,0.0,843,38.9,20,169,82
2021-07-05 11:00:00,Bahía de Kino,d01,29,0.0,0.0,973,37.1,20,177,82
2021-07-05 12:00:00,Bahía de Kino,d01,29,0.0,0.0,1042,36.9,19,183,81
2021-07-05 13:00:00,Bahía de Kino,d01,29,0.0,0.0,1049,34.9,19,187,81
2021-07-05 14:00:00,Bahía de Kino,d01,29,0.0,0.0,989,34.7,19,191,83
2021-07-05 15:00:00,Bahía de Kino,d01,29,0.0,0.0,868,35.3,18,195,80
2021-07-05 16:00:00,Bahía de Kino,d01,29,0.0,0.0,693,38.1,18,201,83
2021-07-05 17:00:00,Bahía de Kino,d01,29,0.0,0.0,486,38.5,19,202,85
2021-07-05 18:00:00,Bahía de Kino,d01,29,0.0,0.0,262,37.4,18,212,87
2021-07-05 19:00:00,Bahía de Kino,d01,28,0.0,0.0,53,36.4,15,218,89
2021-07-05 20:00:00,Bahía de Kino,d01,28,0.0,0.0,0,34.5,15,214,92
2021-07-05 21:00:00,Bahía de Kino,d01,28,0.0,0.0,0,33.0,15,214,94
2021-07-05 22:00:00,Bahía de Kino,d01,28,0.0,0.0,0,32.2,12,206,93
2021-07-05 23:00:00,Bahía de Kino,d01,28,0.0,0.0,0,30.8,6,186,95
2021-07-06 00:00:00,Bahía de Kino,d01,27,0.0,0.0,0,28.7,4,167,95
2021-07-06 01:00:00,Bahía de Kino,d01,27,0.0,0.0,0,27.6,5,163,94
2021-07-06 02:00:00,Bahía de Kino,d01,27,0.0,0.0,0,26.7,5,107,95
2021-07-06 03:00:00,Bahía de Kino,d01,26,0.0,0.0,0,29.3,8,83,95
2021-07-06 04:00:00,Bahía de Kino,d01,26,0.0,0.0,0,32.9,9,68,99
2021-07-06 05:00:00,Bahía de Kino,d01,26,0.0,0.0,0,37.5,14,67,100
2021-07-06 06:00:00,Bahía de Kino,d01,26,0.0,0.0,49,39.1,15,59,96
2021-07-06 07:00:00,Bahía de Kino,d01,28,0.0,0.0,257,43.5,18,58,83
2021-07-06 08:00:00,Bahía de Kino,d01,30,0.0,0.0,477,50.5,23,69,62
2021-07-06 09:00:00,Bahía de Kino,d01,31,0.0,0.0,647,54.9,23,64,55
2021-07-06 10:00:00,Bahía de Kino,d01,31,0.0,0.0,154,60.7,13,35,52
2021-07-06 11:00:00,Bahía de Kino,d01,31,0.0,0.0,635,58.2,15,129,51
2021-07-02 23:00:00,Guaymas,d01,28,0.0,0.0,0,52.6,7,190,82
2021-07-03 00:00:00,Guaymas,d01,28,0.0,0.0,0,54.8,6,200,85
2021-07-03 01:00:00,Guaymas,d01,28,0.4,0.4,0,58.7,4,149,88
2021-07-03 02:00:00,Guaymas,d01,27,0.2,0.6,0,62.6,4,200,88
2021-07-03 03:00:00,Guaymas,d01,27,0.2,0.8,0,60.7,2,12,87
2021-07-03 04:00:00,Guaymas,d01,27,0.0,0.8,0,58.1,4,237,91
2021-07-03 05:00:00,Guaymas,d01,27,0.0,0.8,0,58.9,5,314,90
2021-07-03 06:00:00,Guaymas,d01,27,0.0,0.8,55,59.5,2,21,84
2021-07-03 07:00:00,Guaymas,d01,28,0.0,0.8,179,57.5,4,69,79
2021-07-03 08:00:00,Guaymas,d01,29,0.0,0.8,472,57.5,7,85,71
2021-07-03 09:00:00,Guaymas,d01,31,0.0,0.8,694,58.2,9,87,61
2021-07-03 10:00:00,Guaymas,d01,32,0.0,0.8,864,55.9,9,104,53
2021-07-03 11:00:00,Guaymas,d01,34,0.0,0.8,983,55.4,10,159,49
2021-07-03 12:00:00,Guaymas,d01,34,0.0,0.8,1016,56.1,15,198,52
2021-07-03 13:00:00,Guaymas,d01,34,0.0,0.8,1039,56.3,16,223,55
2021-07-03 14:00:00,Guaymas,d01,33,0.0,0.8,977,57.4,18,230,52
2021-07-03 15:00:00,Guaymas,d01,33,0.0,0.8,855,57.8,21,240,52
2021-07-03 16:00:00,Guaymas,d01,33,0.0,0.8,680,57.2,20,243,51
2021-07-03 17:00:00,Guaymas,d01,32,0.0,0.8,469,58.3,16,250,51
2021-07-03 18:00:00,Guaymas,d01,32,0.0,0.8,249,56.6,12,233,51
2021-07-03 19:00:00,Guaymas,d01,30,0.0,0.8,46,54.9,9,232,58
2021-07-03 20:00:00,Guaymas,d01,29,0.0,0.8,0,55.5,8,200,67
2021-07-03 21:00:00,Guaymas,d01,29,0.0,0.8,0,58.4,7,166,75
2021-07-03 22:00:00,Guaymas,d01,29,0.0,0.8,0,59.3,9,165,77
2021-07-03 23:00:00,Guaymas,d01,28,0.0,0.8,0,59.2,9,200,84
2021-07-04 00:00:00,Guaymas,d01,28,0.0,0.8,0,60.2,7,251,86
2021-07-04 01:00:00,Guaymas,d01,28,0.0,0.8,0,59.7,4,209,87
2021-07-04 02:00:00,Guaymas,d01,27,0.0,0.8,0,59.5,4,139,88
2021-07-04 03:00:00,Guaymas,d01,27,0.0,0.8,0,58.0,7,137,86
2021-07-04 04:00:00,Guaymas,d01,27,0.0,0.8,0,58.3,9,131,85
2021-07-04 05:00:00,Guaymas,d01,27,0.0,0.8,0,57.6,9,134,86
2021-07-04 06:00:00,Guaymas,d01,28,0.0,0.8,46,57.2,12,132,86
2021-07-04 07:00:00,Guaymas,d01,28,0.0,0.8,253,57.1,15,137,83
2021-07-04 08:00:00,Guaymas,d01,29,0.0,0.8,477,56.2,16,140,81
2021-07-04 09:00:00,Guaymas,d01,30,0.0,0.8,685,55.4,17,147,79
2021-07-04 10:00:00,Guaymas,d01,31,0.0,0.8,857,54.1,18,163,69
2021-07-04 11:00:00,Guaymas,d01,32,0.0,0.8,978,54.1,20,178,68
2021-07-04 12:00:00,Guaymas,d01,32,0.0,0.8,1039,53.3,22,188,71
2021-07-04 13:00:00,Guaymas,d01,32,0.0,0.8,1037,52.0,22,200,72
2021-07-04 14:00:00,Guaymas,d01,31,0.0,0.8,969,51.4,21,207,73
2021-07-04 15:00:00,Guaymas,d01,31,0.0,0.8,841,51.8,19,212,73
2021-07-04 16:00:00,Guaymas,d01,31,0.0,0.8,661,53.0,16,214,73
2021-07-04 17:00:00,Guaymas,d01,30,0.0,0.8,367,52.7,15,205,76
2021-07-04 18:00:00,Guaymas,d01,30,0.0,0.8,238,52.1,12,204,77
2021-07-04 19:00:00,Guaymas,d01,29,0.0,0.8,42,50.7,11,202,83
2021-07-04 20:00:00,Guaymas,d01,28,0.0,0.8,0,50.5,11,198,84
2021-07-04 21:00:00,Guaymas,d01,28,0.0,0.8,0,50.0,10,186,84
2021-07-04 22:00:00,Guaymas,d01,28,0.0,0.8,0,49.4,10,194,84
2021-07-04 23:00:00,Guaymas,d01,28,0.0,0.8,0,49.3,10,204,84
2021-07-05 00:00:00,Guaymas,d01,28,0.0,0.8,0,49.5,8,202,84
2021-07-05 01:00:00,Guaymas,d01,28,0.0,0.8,0,50.4,7,195,86
2021-07-05 02:00:00,Guaymas,d01,27,0.0,0.8,0,51.1,6,158,87
2021-07-05 03:00:00,Guaymas,d01,27,0.0,0.8,0,51.8,8,131,87
2021-07-05 04:00:00,Guaymas,d01,27,0.0,0.8,0,54.2,10,129,87
2021-07-05 05:00:00,Guaymas,d01,27,0.0,0.8,0,54.1,11,132,89
2021-07-05 06:00:00,Guaymas,d01,27,0.0,0.8,66,53.8,11,127,89
2021-07-05 07:00:00,Guaymas,d01,28,0.0,0.8,242,53.0,15,134,84
2021-07-05 08:00:00,Guaymas,d01,29,0.0,0.8,467,51.9,15,134,80
2021-07-05 09:00:00,Guaymas,d01,30,0.0,0.8,677,50.6,14,141,73
2021-07-05 10:00:00,Guaymas,d01,31,0.0,0.8,853,49.0,14,160,65
2021-07-05 11:00:00,Guaymas,d01,32,0.0,0.8,978,48.1,15,184,63
2021-07-05 12:00:00,Guaymas,d01,32,0.0,0.8,1044,47.3,17,196,65
2021-07-05 13:00:00,Guaymas,d01,32,0.0,0.8,1045,45.9,19,207,67
2021-07-05 14:00:00,Guaymas,d01,32,0.0,0.8,977,44.4,19,208,69
2021-07-05 15:00:00,Guaymas,d01,32,0.0,0.8,856,42.7,20,216,67
2021-07-05 16:00:00,Guaymas,d01,32,0.0,0.8,647,41.8,18,221,65
2021-07-05 17:00:00,Guaymas,d01,31,0.0,0.8,364,41.4,15,212,70
2021-07-05 18:00:00,Guaymas,d01,30,0.0,0.8,242,40.3,14,208,74
2021-07-05 19:00:00,Guaymas,d01,29,0.0,0.8,35,39.0,12,215,78
2021-07-05 20:00:00,Guaymas,d01,28,0.0,0.8,0,38.2,12,224,85
2021-07-05 21:00:00,Guaymas,d01,28,0.0,0.8,0,40.2,12,239,86
2021-07-05 22:00:00,Guaymas,d01,28,0.0,0.8,0,41.9,8,221,87
2021-07-05 23:00:00,Guaymas,d01,27,0.0,0.8,0,40.8,6,196,87
2021-07-06 00:00:00,Guaymas,d01,27,0.0,0.8,0,40.4,5,156,84
2021-07-06 01:00:00,Guaymas,d01,27,0.0,0.8,0,41.7,7,140,85
2021-07-06 02:00:00,Guaymas,d01,27,0.0,0.8,0,41.5,7,135,85
2021-07-06 03:00:00,Guaymas,d01,27,0.0,0.8,0,41.0,9,124,90
2021-07-06 04:00:00,Guaymas,d01,27,0.0,0.8,0,39.5,10,123,90
2021-07-06 05:00:00,Guaymas,d01,27,0.0,0.8,0,37.8,11,125,90
2021-07-06 06:00:00,Guaymas,d01,27,0.0,0.8,58,37.2,12,122,90
2021-07-06 07:00:00,Guaymas,d01,28,0.0,0.8,271,38.9,16,120,90
2021-07-06 08:00:00,Guaymas,d01,29,0.0,0.8,498,39.4,16,126,83
2021-07-06 09:00:00,Guaymas,d01,30,0.0,0.8,706,41.0,15,141,76
2021-07-06 10:00:00,Guaymas,d01,31,0.0,0.8,866,41.9,13,161,70
2021-07-06 11:00:00,Guaymas,d01,31,0.0,0.8,896,42.3,15,195,72
2021-07-02 23:00:00,Puerto Peñasco,d01,28,0.0,0.0,0,51.2,7,180,78
2021-07-03 00:00:00,Puerto Peñasco,d01,28,0.0,0.0,0,51.8,7,174,83
2021-07-03 01:00:00,Puerto Peñasco,d01,27,0.0,0.0,0,50.9,6,150,84
2021-07-03 02:00:00,Puerto Peñasco,d01,27,0.0,0.0,0,50.5,8,137,85
2021-07-03 03:00:00,Puerto Peñasco,d01,27,0.0,0.0,0,49.9,8,148,85
2021-07-03 04:00:00,Puerto Peñasco,d01,27,0.0,0.0,0,51.1,9,134,86
2021-07-03 05:00:00,Puerto Peñasco,d01,27,0.0,0.0,0,51.1,9,131,87
2021-07-03 06:00:00,Puerto Peñasco,d01,27,0.0,0.0,46,52.5,10,122,87
2021-07-03 07:00:00,Puerto Peñasco,d01,29,0.0,0.0,246,52.5,14,136,78
2021-07-03 08:00:00,Puerto Peñasco,d01,30,0.0,0.0,464,52.1,13,144,70
2021-07-03 09:00:00,Puerto Peñasco,d01,31,0.0,0.0,395,52.5,14,146,64
2021-07-03 10:00:00,Puerto Peñasco,d01,31,0.5,0.5,839,54.1,17,155,68
2021-07-03 11:00:00,Puerto Peñasco,d01,31,0.0,0.5,297,54.4,16,174,57
2021-07-03 12:00:00,Puerto Peñasco,d01,33,0.0,0.5,1030,53.4,17,192,52
2021-07-03 13:00:00,Puerto Peñasco,d01,31,0.0,0.5,500,52.6,18,206,59
2021-07-03 14:00:00,Puerto Peñasco,d01,33,0.0,0.5,991,50.7,22,212,49
2021-07-03 15:00:00,Puerto Peñasco,d01,34,0.0,0.5,883,50.8,21,204,45
2021-07-03 16:00:00,Puerto Peñasco,d01,33,0.0,0.5,722,52.2,18,199,47
2021-07-03 17:00:00,Puerto Peñasco,d01,33,0.0,0.5,526,52.1,19,197,49
2021-07-03 18:00:00,Puerto Peñasco,d01,32,0.0,0.5,309,53.7,16,180,49
2021-07-03 19:00:00,Puerto Peñasco,d01,31,0.0,0.5,94,55.1,11,172,54
2021-07-03 20:00:00,Puerto Peñasco,d01,31,0.0,0.5,0,54.3,10,137,55
2021-07-03 21:00:00,Puerto Peñasco,d01,30,0.0,0.5,0,57.0,9,136,61
2021-07-03 22:00:00,Puerto Peñasco,d01,30,0.0,0.5,0,57.7,12,117,56
2021-07-03 23:00:00,Puerto Peñasco,d01,30,0.0,0.5,0,60.0,12,112,57
2021-07-04 00:00:00,Puerto Peñasco,d01,30,0.0,0.5,0,60.8,10,102,55
2021-07-04 01:00:00,Puerto Peñasco,d01,29,0.0,0.5,0,61.6,9,101,60
2021-07-04 02:00:00,Puerto Peñasco,d01,29,0.0,0.5,0,63.7,10,117,61
2021-07-04 03:00:00,Puerto Peñasco,d01,29,0.0,0.5,0,62.9,18,62,56
2021-07-04 04:00:00,Puerto Peñasco,d01,27,0.4,0.8,0,64.4,23,71,72
2021-07-04 05:00:00,Puerto Peñasco,d01,26,2.0,2.9,0,64.8,23,59,81
2021-07-04 06:00:00,Puerto Peñasco,d01,27,0.3,3.2,17,63.4,15,80,76
2021-07-04 07:00:00,Puerto Peñasco,d01,29,0.0,3.2,216,61.4,18,60,66
2021-07-04 08:00:00,Puerto Peñasco,d01,31,0.0,3.2,449,60.6,19,60,60
2021-07-04 09:00:00,Puerto Peñasco,d01,33,0.0,3.2,642,60.6,14,75,55
2021-07-04 10:00:00,Puerto Peñasco,d01,33,0.0,3.2,825,61.1,12,155,57
2021-07-04 11:00:00,Puerto Peñasco,d01,32,0.0,3.2,952,59.6,19,171,63
2021-07-04 12:00:00,Puerto Peñasco,d01,33,0.0,3.2,1020,61.0,17,171,61
2021-07-04 13:00:00,Puerto Peñasco,d01,34,0.0,3.2,1027,61.2,16,177,56
2021-07-04 14:00:00,Puerto Peñasco,d01,33,0.0,3.2,975,60.8,18,185,56
2021-07-04 15:00:00,Puerto Peñasco,d01,34,0.0,3.2,862,59.8,15,193,55
2021-07-04 16:00:00,Puerto Peñasco,d01,33,0.0,3.2,690,58.6,14,201,54
2021-07-04 17:00:00,Puerto Peñasco,d01,33,0.0,3.2,513,59.5,10,198,55
2021-07-04 18:00:00,Puerto Peñasco,d01,33,0.0,3.2,314,59.4,8,221,51
2021-07-04 19:00:00,Puerto Peñasco,d01,32,0.0,3.2,107,60.9,11,240,52
2021-07-04 20:00:00,Puerto Peñasco,d01,31,0.0,3.2,0,58.2,10,242,57
2021-07-04 21:00:00,Puerto Peñasco,d01,30,0.0,3.2,0,56.5,9,244,61
2021-07-04 22:00:00,Puerto Peñasco,d01,30,0.0,3.2,0,55.5,5,259,61
2021-07-04 23:00:00,Puerto Peñasco,d01,29,0.0,3.2,0,54.4,5,277,69
2021-07-05 00:00:00,Puerto Peñasco,d01,29,0.0,3.2,0,54.0,5,275,69
2021-07-05 01:00:00,Puerto Peñasco,d01,28,0.0,3.2,0,53.8,4,264,80
2021-07-05 02:00:00,Puerto Peñasco,d01,28,0.0,3.2,0,54.0,3,249,83
2021-07-05 03:00:00,Puerto Peñasco,d01,28,0.0,3.2,0,53.8,3,180,88
2021-07-05 04:00:00,Puerto Peñasco,d01,28,0.0,3.2,0,53.7,6,125,86
2021-07-05 05:00:00,Puerto Peñasco,d01,27,0.0,3.2,0,52.7,10,116,88
2021-07-05 06:00:00,Puerto Peñasco,d01,28,0.0,3.2,55,52.4,12,123,78
2021-07-05 07:00:00,Puerto Peñasco,d01,29,0.0,3.2,222,51.6,15,132,66
2021-07-05 08:00:00,Puerto Peñasco,d01,30,0.0,3.2,337,51.2,16,140,65
2021-07-05 09:00:00,Puerto Peñasco,d01,30,0.0,3.2,276,50.3,15,163,64
2021-07-05 10:00:00,Puerto Peñasco,d01,31,0.0,3.2,699,49.2,15,180,56
2021-07-05 11:00:00,Puerto Peñasco,d01,32,0.0,3.2,702,48.5,14,190,55
2021-07-05 12:00:00,Puerto Peñasco,d01,32,0.0,3.2,725,47.3,16,197,56
2021-07-05 13:00:00,Puerto Peñasco,d01,33,0.0,3.2,923,45.3,16,203,54
2021-07-05 14:00:00,Puerto Peñasco,d01,33,0.0,3.2,991,43.2,17,213,52
2021-07-05 15:00:00,Puerto Peñasco,d01,33,0.0,3.2,881,40.3,17,221,51
2021-07-05 16:00:00,Puerto Peñasco,d01,33,0.0,3.2,720,37.7,17,231,50
2021-07-05 17:00:00,Puerto Peñasco,d01,32,0.0,3.2,524,35.8,16,234,48
2021-07-05 18:00:00,Puerto Peñasco,d01,31,0.0,3.2,302,37.5,16,232,53
2021-07-05 19:00:00,Puerto Peñasco,d01,30,0.0,3.2,87,40.0,12,235,60
2021-07-05 20:00:00,Puerto Peñasco,d01,29,0.0,3.2,0,41.1,10,224,63
2021-07-05 21:00:00,Puerto Peñasco,d01,29,0.0,3.2,0,42.0,9,237,71
2021-07-05 22:00:00,Puerto Peñasco,d01,29,0.0,3.2,0,41.5,7,260,69
2021-07-05 23:00:00,Puerto Peñasco,d01,28,0.0,3.2,0,40.2,0,108,73
2021-07-06 00:00:00,Puerto Peñasco,d01,28,0.0,3.2,0,38.1,4,123,73
2021-07-06 01:00:00,Puerto Peñasco,d01,27,0.0,3.2,0,36.8,5,148,78
2021-07-06 02:00:00,Puerto Peñasco,d01,26,0.0,3.2,0,35.3,7,145,80
2021-07-06 03:00:00,Puerto Peñasco,d01,26,0.0,3.2,0,34.5,8,154,80
2021-07-06 04:00:00,Puerto Peñasco,d01,26,0.0,3.2,0,34.6,7,156,77
2021-07-06 05:00:00,Puerto Peñasco,d01,26,0.0,3.2,0,34.8,7,174,75
2021-07-06 06:00:00,Puerto Peñasco,d01,26,0.0,3.2,48,34.7,6,185,77
2021-07-06 07:00:00,Puerto Peñasco,d01,28,0.0,3.2,254,34.4,7,179,75
2021-07-06 08:00:00,Puerto Peñasco,d01,29,0.0,3.2,477,34.1,9,180,67
2021-07-06 09:00:00,Puerto Peñasco,d01,31,0.0,3.2,687,32.2,9,177,55
2021-07-06 10:00:00,Puerto Peñasco,d01,32,0.0,3.2,861,32.1,13,163,52
2021-07-06 11:00:00,Puerto Peñasco,d01,32,0.0,3.2,972,30.6,14,176,49
2021-07-02 23:00:00,Ciudad Juarez,d01,23,0.0,0.0,0,42.7,0,218,74
2021-07-03 00:00:00,Ciudad Juarez,d01,24,0.0,0.0,0,42.2,0,170,67
2021-07-03 01:00:00,Ciudad Juarez,d01,24,0.0,0.0,0,42.4,1,108,67
2021-07-03 02:00:00,Ciudad Juarez,d01,24,0.2,0.2,0,41.6,2,64,66
2021-07-03 03:00:00,Ciudad Juarez,d01,24,0.2,0.4,0,42.5,5,125,68
2021-07-03 04:00:00,Ciudad Juarez,d01,23,0.3,0.7,0,42.7,6,168,73
2021-07-03 05:00:00,Ciudad Juarez,d01,22,0.0,0.7,0,42.3,4,122,77
2021-07-03 06:00:00,Ciudad Juarez,d01,23,0.0,0.7,141,40.5,8,51,70
2021-07-03 07:00:00,Ciudad Juarez,d01,25,0.0,0.7,360,39.5,9,67,66
2021-07-03 08:00:00,Ciudad Juarez,d01,27,0.0,0.7,568,40.1,9,92,62
2021-07-03 09:00:00,Ciudad Juarez,d01,28,0.0,0.7,768,40.5,9,119,57
2021-07-03 10:00:00,Ciudad Juarez,d01,30,0.0,0.7,920,40.9,8,165,51
2021-07-03 11:00:00,Ciudad Juarez,d01,31,0.0,0.7,1019,40.8,9,176,48
2021-07-03 12:00:00,Ciudad Juarez,d01,31,0.5,1.3,868,41.8,4,356,45
2021-07-03 13:00:00,Ciudad Juarez,d01,32,3.3,4.5,1016,38.9,10,55,45
2021-07-03 14:00:00,Ciudad Juarez,d01,32,0.9,5.5,946,37.3,3,136,36
2021-07-03 15:00:00,Ciudad Juarez,d01,33,0.0,5.5,813,37.3,2,177,33
2021-07-03 16:00:00,Ciudad Juarez,d01,33,0.8,6.2,649,37.9,1,303,33
2021-07-03 17:00:00,Ciudad Juarez,d01,33,0.9,7.2,441,37.7,4,94,34
2021-07-03 18:00:00,Ciudad Juarez,d01,32,0.6,7.7,211,38.5,5,147,37
2021-07-03 19:00:00,Ciudad Juarez,d01,30,0.0,7.7,15,37.4,7,122,36
2021-07-03 20:00:00,Ciudad Juarez,d01,29,0.0,7.7,0,37.2,5,97,38
2021-07-03 21:00:00,Ciudad Juarez,d01,28,0.0,7.7,0,36.7,4,97,41
2021-07-03 22:00:00,Ciudad Juarez,d01,28,0.0,7.7,0,38.1,3,119,45
2021-07-03 23:00:00,Ciudad Juarez,d01,27,0.0,7.7,0,39.7,8,137,52
2021-07-04 00:00:00,Ciudad Juarez,d01,27,0.0,7.7,0,40.4,6,152,55
2021-07-04 01:00:00,Ciudad Juarez,d01,26,1.6,9.3,0,43.9,13,238,59
2021-07-04 02:00:00,Ciudad Juarez,d01,25,4.2,13.5,0,43.5,6,306,61
2021-07-04 03:00:00,Ciudad Juarez,d01,25,0.0,13.5,0,43.4,8,300,61
2021-07-04 04:00:00,Ciudad Juarez,d01,25,0.0,13.5,0,43.3,5,304,62
2021-07-04 05:00:00,Ciudad Juarez,d01,24,0.0,13.5,0,42.2,1,272,64
2021-07-04 06:00:00,Ciudad Juarez,d01,25,0.0,13.5,69,42.2,2,97,62
2021-07-04 07:00:00,Ciudad Juarez,d01,27,0.0,13.5,347,42.5,5,96,57
2021-07-04 08:00:00,Ciudad Juarez,d01,29,0.0,13.5,564,42.9,4,174,51
2021-07-04 09:00:00,Ciudad Juarez,d01,30,0.0,13.5,757,43.0,9,226,50
2021-07-04 10:00:00,Ciudad Juarez,d01,31,0.0,13.5,911,42.6,11,248,46
2021-07-04 11:00:00,Ciudad Juarez,d01,33,0.0,13.5,1015,41.8,12,259,42
2021-07-04 12:00:00,Ciudad Juarez,d01,34,0.0,13.5,1054,41.4,12,244,39
2021-07-04 13:00:00,Ciudad Juarez,d01,32,0.0,13.5,1007,43.8,18,63,44
2021-07-04 14:00:00,Ciudad Juarez,d01,33,0.0,13.5,924,42.4,0,207,35
2021-07-04 15:00:00,Ciudad Juarez,d01,33,0.0,13.5,797,43.8,22,272,39
2021-07-04 16:00:00,Ciudad Juarez,d01,33,0.0,13.5,628,39.3,18,255,37
2021-07-04 17:00:00,Ciudad Juarez,d01,33,0.0,13.5,454,37.4,14,210,34
2021-07-04 18:00:00,Ciudad Juarez,d01,32,0.0,13.5,231,36.0,13,198,37
2021-07-04 19:00:00,Ciudad Juarez,d01,31,0.0,13.5,30,38.8,2,199,35
2021-07-04 20:00:00,Ciudad Juarez,d01,28,2.6,16.1,0,48.2,4,86,54
2021-07-04 21:00:00,Ciudad Juarez,d01,25,0.9,17.1,0,43.9,18,199,66
2021-07-04 22:00:00,Ciudad Juarez,d01,25,0.0,17.1,0,45.3,16,209,60
2021-07-04 23:00:00,Ciudad Juarez,d01,24,0.0,17.1,0,43.2,14,227,69
2021-07-05 00:00:00,Ciudad Juarez,d01,23,0.0,17.1,0,42.4,18,251,66
2021-07-05 01:00:00,Ciudad Juarez,d01,23,0.0,17.1,0,42.4,21,240,69
2021-07-05 02:00:00,Ciudad Juarez,d01,23,0.0,17.1,0,40.2,12,270,66
2021-07-05 03:00:00,Ciudad Juarez,d01,23,0.0,17.1,0,40.7,9,284,71
2021-07-05 04:00:00,Ciudad Juarez,d01,23,0.0,17.1,0,41.8,6,293,71
2021-07-05 05:00:00,Ciudad Juarez,d01,23,0.0,17.1,0,43.2,7,258,73
2021-07-05 06:00:00,Ciudad Juarez,d01,23,0.0,17.1,152,44.2,10,260,72
2021-07-05 07:00:00,Ciudad Juarez,d01,25,0.0,17.1,334,44.5,12,274,74
2021-07-05 08:00:00,Ciudad Juarez,d01,26,0.0,17.1,551,44.8,13,278,70
2021-07-05 09:00:00,Ciudad Juarez,d01,28,0.0,17.1,747,44.1,13,276,62
2021-07-05 10:00:00,Ciudad Juarez,d01,30,0.0,17.1,904,43.1,13,276,54
2021-07-05 11:00:00,Ciudad Juarez,d01,32,0.0,17.1,1005,42.1,12,284,45
2021-07-05 12:00:00,Ciudad Juarez,d01,34,0.0,17.1,1005,40.8,13,291,39
2021-07-05 13:00:00,Ciudad Juarez,d01,34,0.0,17.1,952,39.2,13,297,35
2021-07-05 14:00:00,Ciudad Juarez,d01,35,0.0,17.1,956,40.0,14,295,34
2021-07-05 15:00:00,Ciudad Juarez,d01,35,0.0,17.1,508,41.5,15,289,32
2021-07-05 16:00:00,Ciudad Juarez,d01,35,2.1,19.2,632,40.1,13,298,32
2021-07-05 17:00:00,Ciudad Juarez,d01,34,2.9,22.1,417,40.5,8,262,34
2021-07-05 18:00:00,Ciudad Juarez,d01,31,3.1,25.2,105,42.1,18,107,42
2021-07-05 19:00:00,Ciudad Juarez,d01,29,2.6,27.8,13,43.0,12,153,55
2021-07-05 20:00:00,Ciudad Juarez,d01,28,2.2,30.1,0,44.5,10,130,57
2021-07-05 21:00:00,Ciudad Juarez,d01,27,2.2,32.3,0,45.9,11,134,59
2021-07-05 22:00:00,Ciudad Juarez,d01,25,0.0,32.3,0,47.0,22,205,77
2021-07-05 23:00:00,Ciudad Juarez,d01,23,0.0,32.3,0,45.6,20,224,81
2021-07-06 00:00:00,Ciudad Juarez,d01,22,0.0,32.3,0,44.1,16,261,86
2021-07-06 01:00:00,Ciudad Juarez,d01,22,0.0,32.3,0,44.2,18,265,84
2021-07-06 02:00:00,Ciudad Juarez,d01,21,0.0,32.3,0,42.9,15,271,82
2021-07-06 03:00:00,Ciudad Juarez,d01,21,0.0,32.3,0,42.9,10,264,81
2021-07-06 04:00:00,Ciudad Juarez,d01,21,0.0,32.3,0,42.1,11,271,84
2021-07-06 05:00:00,Ciudad Juarez,d01,21,0.0,32.3,0,41.1,10,254,86
2021-07-06 06:00:00,Ciudad Juarez,d01,21,0.0,32.3,142,40.5,8,256,82
2021-07-06 07:00:00,Ciudad Juarez,d01,23,0.0,32.3,361,40.0,9,257,79
2021-07-06 08:00:00,Ciudad Juarez,d01,25,0.0,32.3,578,39.7,9,266,71
2021-07-06 09:00:00,Ciudad Juarez,d01,27,0.0,32.3,771,38.9,9,262,63
2021-07-06 10:00:00,Ciudad Juarez,d01,29,0.0,32.3,922,39.5,8,255,55
2021-07-06 11:00:00,Ciudad Juarez,d01,31,0.0,32.3,1007,40.5,8,242,48
2021-07-02 23:00:00,Chihuahua,d01,20,0.0,0.0,0,33.9,3,238,68
2021-07-03 00:00:00,Chihuahua,d01,22,0.0,0.0,0,34.1,4,261,74
2021-07-03 01:00:00,Chihuahua,d01,21,0.0,0.0,0,35.4,5,308,75
2021-07-03 02:00:00,Chihuahua,d01,21,0.0,0.0,0,35.7,4,328,76
2021-07-03 03:00:00,Chihuahua,d01,21,0.0,0.0,0,35.9,5,339,77
2021-07-03 04:00:00,Chihuahua,d01,20,0.0,0.0,0,35.5,4,331,79
2021-07-03 05:00:00,Chihuahua,d01,20,0.0,0.0,0,35.2,2,340,81
2021-07-03 06:00:00,Chihuahua,d01,21,0.0,0.0,129,35.2,6,358,80
2021-07-03 07:00:00,Chihuahua,d01,22,0.0,0.0,355,35.0,7,12,76
2021-07-03 08:00:00,Chihuahua,d01,25,0.0,0.0,580,34.0,6,32,69
2021-07-03 09:00:00,Chihuahua,d01,27,0.0,0.0,780,33.4,6,48,61
2021-07-03 10:00:00,Chihuahua,d01,28,1.4,1.4,936,34.0,5,45,54
2021-07-03 11:00:00,Chihuahua,d01,30,2.5,3.9,1039,31.9,9,75,45
2021-07-03 12:00:00,Chihuahua,d01,31,0.0,3.9,1079,31.0,12,78,41
2021-07-03 13:00:00,Chihuahua,d01,31,0.9,4.9,1060,30.3,12,80,38
2021-07-03 14:00:00,Chihuahua,d01,32,0.7,5.5,981,28.7,12,81,34
2021-07-03 15:00:00,Chihuahua,d01,32,0.4,5.9,839,29.4,12,67,34
2021-07-03 16:00:00,Chihuahua,d01,32,1.0,6.9,650,30.0,11,65,34
2021-07-03 17:00:00,Chihuahua,d01,31,0.9,7.8,408,31.3,11,58,34
2021-07-03 18:00:00,Chihuahua,d01,27,2.3,10.2,195,37.9,16,160,52
2021-07-03 19:00:00,Chihuahua,d01,27,3.5,13.7,3,37.5,7,203,51
2021-07-03 20:00:00,Chihuahua,d01,26,4.1,17.8,0,38.4,4,213,48
2021-07-03 21:00:00,Chihuahua,d01,25,2.6,20.4,0,39.7,16,81,55
2021-07-03 22:00:00,Chihuahua,d01,25,1.8,22.3,0,37.1,4,344,49
2021-07-03 23:00:00,Chihuahua,d01,25,0.8,23.1,0,37.6,8,55,54
2021-07-04 00:00:00,Chihuahua,d01,24,0.0,23.1,0,36.2,11,252,61
2021-07-04 01:00:00,Chihuahua,d01,23,0.0,23.1,0,36.2,9,281,64
2021-07-04 02:00:00,Chihuahua,d01,23,0.0,23.1,0,34.2,6,279,64
2021-07-04 03:00:00,Chihuahua,d01,22,0.0,23.1,0,31.8,6,278,66
2021-07-04 04:00:00,Chihuahua,d01,22,0.0,23.1,0,29.3,4,274,66
2021-07-04 05:00:00,Chihuahua,d01,22,0.0,23.1,0,28.9,2,253,66
2021-07-04 06:00:00,Chihuahua,d01,22,0.0,23.1,119,29.0,3,250,64
2021-07-04 07:00:00,Chihuahua,d01,24,0.0,23.1,346,29.7,2,260,57
2021-07-04 08:00:00,Chihuahua,d01,26,0.0,23.1,566,30.5,1,234,52
2021-07-04 09:00:00,Chihuahua,d01,28,0.0,23.1,768,31.0,4,197,49
2021-07-04 10:00:00,Chihuahua,d01,29,0.0,23.1,931,31.5,2,216,44
2021-07-04 11:00:00,Chihuahua,d01,30,0.4,23.4,1033,33.7,4,65,40
2021-07-04 12:00:00,Chihuahua,d01,31,3.6,27.0,915,33.3,4,87,38
2021-07-04 13:00:00,Chihuahua,d01,30,2.7,29.7,341,33.8,5,8,37
2021-07-04 14:00:00,Chihuahua,d01,30,2.5,32.2,313,34.9,5,63,37
2021-07-04 15:00:00,Chihuahua,d01,30,2.2,34.4,661,35.0,3,201,37
2021-07-04 16:00:00,Chihuahua,d01,30,2.1,36.5,500,35.5,8,31,41
2021-07-04 17:00:00,Chihuahua,d01,30,0.1,36.7,367,36.4,8,72,38
2021-07-04 18:00:00,Chihuahua,d01,30,0.0,36.7,190,35.3,6,55,37
2021-07-04 19:00:00,Chihuahua,d01,28,0.0,36.7,7,35.2,3,59,39
2021-07-04 20:00:00,Chihuahua,d01,27,0.0,36.7,0,36.4,8,336,47
2021-07-04 21:00:00,Chihuahua,d01,26,0.0,36.7,0,36.4,2,316,55
2021-07-04 22:00:00,Chihuahua,d01,25,0.0,36.7,0,38.1,2,307,59
2021-07-04 23:00:00,Chihuahua,d01,25,0.0,36.7,0,38.0,1,294,61
2021-07-05 00:00:00,Chihuahua,d01,24,0.0,36.7,0,38.9,6,190,63
2021-07-05 01:00:00,Chihuahua,d01,23,0.0,36.7,0,39.2,9,227,63
2021-07-05 02:00:00,Chihuahua,d01,23,0.0,36.7,0,39.3,5,221,64
2021-07-05 03:00:00,Chihuahua,d01,23,0.0,36.7,0,39.2,2,78,65
2021-07-05 04:00:00,Chihuahua,d01,22,0.0,36.7,0,39.1,1,156,65
2021-07-05 05:00:00,Chihuahua,d01,22,0.0,36.7,0,39.1,2,247,67
2021-07-05 06:00:00,Chihuahua,d01,23,0.0,36.7,141,38.8,4,269,65
2021-07-05 07:00:00,Chihuahua,d01,25,0.0,36.7,329,38.9,4,305,55
2021-07-05 08:00:00,Chihuahua,d01,27,0.0,36.7,554,39.3,6,9,48
2021-07-05 09:00:00,Chihuahua,d01,28,0.0,36.7,704,40.3,11,28,49
2021-07-05 10:00:00,Chihuahua,d01,28,3.2,39.9,360,41.0,11,54,51
2021-07-05 11:00:00,Chihuahua,d01,28,5.0,44.9,511,41.2,6,4,51
2021-07-05 12:00:00,Chihuahua,d01,30,5.1,50.0,1025,40.4,0,265,44
2021-07-05 13:00:00,Chihuahua,d01,26,6.8,56.7,72,44.8,19,216,61
2021-07-05 14:00:00,Chihuahua,d01,27,13.4,70.1,866,40.7,19,298,55
2021-07-05 15:00:00,Chihuahua,d01,28,2.0,72.1,440,40.6,7,312,47
2021-07-05 16:00:00,Chihuahua,d01,28,1.2,73.3,614,39.3,13,107,51
2021-07-05 17:00:00,Chihuahua,d01,28,0.0,73.3,326,38.4,8,92,47
2021-07-05 18:00:00,Chihuahua,d01,27,0.0,73.3,181,37.9,7,88,51
2021-07-05 19:00:00,Chihuahua,d01,26,0.0,73.3,0,39.1,4,160,53
2021-07-05 20:00:00,Chihuahua,d01,25,0.3,73.6,0,43.6,13,216,66
2021-07-05 21:00:00,Chihuahua,d01,21,6.6,80.2,0,47.6,25,336,89
2021-07-05 22:00:00,Chihuahua,d01,19,13.4,93.6,0,42.2,16,4,84
2021-07-05 23:00:00,Chihuahua,d01,19,4.1,97.7,0,40.2,3,311,83
2021-07-06 00:00:00,Chihuahua,d01,19,0.3,98.1,0,40.3,10,195,86
2021-07-06 01:00:00,Chihuahua,d01,19,0.4,98.4,0,37.3,13,241,84
2021-07-06 02:00:00,Chihuahua,d01,20,0.0,98.4,0,36.2,12,234,74
2021-07-06 03:00:00,Chihuahua,d01,20,0.0,98.4,0,35.4,9,209,68
2021-07-06 04:00:00,Chihuahua,d01,20,0.0,98.4,0,35.8,2,157,68
2021-07-06 05:00:00,Chihuahua,d01,20,0.0,98.4,0,36.6,6,76,72
2021-07-06 06:00:00,Chihuahua,d01,20,0.0,98.4,106,37.0,4,50,70
2021-07-06 07:00:00,Chihuahua,d01,22,0.0,98.4,270,38.0,8,23,69
2021-07-06 08:00:00,Chihuahua,d01,22,0.0,98.4,259,37.7,10,38,72
2021-07-06 09:00:00,Chihuahua,d01,22,0.0,98.4,404,36.7,9,44,69
2021-07-06 10:00:00,Chihuahua,d01,25,0.0,98.4,928,32.9,7,47,61
2021-07-06 11:00:00,Chihuahua,d01,26,0.8,99.2,748,30.4,10,27,58
2021-07-02 23:00:00,Culiacán,d01,28,0.0,0.0,0,68.5,10,188,83
2021-07-03 00:00:00,Culiacán,d01,28,0.0,0.0,0,68.2,9,222,83
2021-07-03 01:00:00,Culiacán,d01,28,0.1,0.1,0,66.3,9,214,85
2021-07-03 02:00:00,Culiacán,d01,27,2.3,2.4,0,64.7,6,196,85
2021-07-03 03:00:00,Culiacán,d01,27,2.1,4.5,0,63.9,6,204,85
2021-07-03 04:00:00,Culiacán,d01,27,2.8,7.3,0,62.9,8,197,85
2021-07-03 05:00:00,Culiacán,d01,27,3.4,10.7,0,63.5,7,200,85
2021-07-03 06:00:00,Culiacán,d01,27,4.7,15.4,23,63.8,9,181,86
2021-07-03 07:00:00,Culiacán,d01,27,2.1,17.5,177,63.5,10,195,82
2021-07-03 08:00:00,Culiacán,d01,28,0.0,17.5,390,63.1,9,203,76
2021-07-03 09:00:00,Culiacán,d01,30,0.0,17.5,545,63.1,9,189,68
2021-07-03 10:00:00,Culiacán,d01,31,0.0,17.5,782,62.6,9,201,64
2021-07-03 11:00:00,Culiacán,d01,33,0.0,17.5,875,60.8,9,210,58
2021-07-03 12:00:00,Culiacán,d01,33,0.0,17.5,568,59.4,10,214,53
2021-07-03 13:00:00,Culiacán,d01,34,0.0,17.5,513,58.8,11,219,50
2021-07-03 14:00:00,Culiacán,d01,35,0.0,17.5,952,56.5,15,214,46
2021-07-03 15:00:00,Culiacán,d01,34,0.0,17.5,817,56.2,17,213,47
2021-07-03 16:00:00,Culiacán,d01,33,0.0,17.5,581,56.8,16,210,48
2021-07-03 17:00:00,Culiacán,d01,32,0.0,17.5,270,57.7,17,210,50
2021-07-03 18:00:00,Culiacán,d01,30,0.0,17.5,114,59.7,15,200,54
2021-07-03 19:00:00,Culiacán,d01,29,0.0,17.5,0,61.1,13,203,59
2021-07-03 20:00:00,Culiacán,d01,28,0.0,17.5,0,60.5,10,199,64
2021-07-03 21:00:00,Culiacán,d01,28,0.0,17.5,0,61.8,8,199,66
2021-07-03 22:00:00,Culiacán,d01,27,0.0,17.5,0,61.4,10,170,68
2021-07-03 23:00:00,Culiacán,d01,27,0.0,17.5,0,61.5,5,137,68
2021-07-04 00:00:00,Culiacán,d01,27,0.0,17.5,0,62.3,5,156,69
2021-07-04 01:00:00,Culiacán,d01,27,0.0,17.5,0,61.5,4,160,70
2021-07-04 02:00:00,Culiacán,d01,26,0.0,17.5,0,62.9,7,138,74
2021-07-04 03:00:00,Culiacán,d01,26,0.0,17.5,0,61.2,7,119,78
2021-07-04 04:00:00,Culiacán,d01,25,0.0,17.5,0,59.1,4,113,81
2021-07-04 05:00:00,Culiacán,d01,25,0.0,17.5,0,58.7,5,126,80
2021-07-04 06:00:00,Culiacán,d01,26,0.0,17.5,55,59.1,5,141,78
2021-07-04 07:00:00,Culiacán,d01,27,0.0,17.5,289,57.1,7,162,72
2021-07-04 08:00:00,Culiacán,d01,29,0.0,17.5,518,56.2,5,177,65
2021-07-04 09:00:00,Culiacán,d01,30,0.0,17.5,722,54.7,7,195,59
2021-07-04 10:00:00,Culiacán,d01,32,0.0,17.5,887,53.4,9,212,54
2021-07-04 11:00:00,Culiacán,d01,33,0.0,17.5,999,51.7,9,224,50
2021-07-04 12:00:00,Culiacán,d01,34,0.0,17.5,610,51.0,9,236,49
2021-07-04 13:00:00,Culiacán,d01,34,0.0,17.5,731,50.5,13,229,49
2021-07-04 14:00:00,Culiacán,d01,35,0.0,17.5,905,50.2,15,231,46
2021-07-04 15:00:00,Culiacán,d01,34,0.0,17.5,797,50.4,16,225,47
2021-07-04 16:00:00,Culiacán,d01,34,0.0,17.5,600,51.1,17,226,47
2021-07-04 17:00:00,Culiacán,d01,33,0.0,17.5,403,53.2,16,228,48
2021-07-04 18:00:00,Culiacán,d01,31,0.0,17.5,180,56.2,14,225,51
2021-07-04 19:00:00,Culiacán,d01,29,0.0,17.5,4,57.2,13,213,56
2021-07-04 20:00:00,Culiacán,d01,28,0.0,17.5,0,57.7,11,206,59
2021-07-04 21:00:00,Culiacán,d01,28,0.0,17.5,0,57.8,8,201,61
2021-07-04 22:00:00,Culiacán,d01,27,0.0,17.5,0,58.0,7,191,63
2021-07-04 23:00:00,Culiacán,d01,27,0.0,17.5,0,58.2,6,183,65
2021-07-05 00:00:00,Culiacán,d01,27,0.0,17.5,0,59.0,5,146,66
2021-07-05 01:00:00,Culiacán,d01,27,0.0,17.5,0,59.1,7,149,66
2021-07-05 02:00:00,Culiacán,d01,26,0.0,17.5,0,58.5,5,153,67
2021-07-05 03:00:00,Culiacán,d01,26,0.0,17.5,0,58.2,5,165,68
2021-07-05 04:00:00,Culiacán,d01,26,0.0,17.5,0,59.0,1,348,70
2021-07-05 05:00:00,Culiacán,d01,26,0.0,17.5,0,57.6,3,5,74
2021-07-05 06:00:00,Culiacán,d01,26,0.0,17.5,91,56.6,1,44,74
2021-07-05 07:00:00,Culiacán,d01,27,0.0,17.5,271,55.8,1,290,69
2021-07-05 08:00:00,Culiacán,d01,29,0.0,17.5,498,54.9,3,279,63
2021-07-05 09:00:00,Culiacán,d01,31,0.0,17.5,705,55.3,5,258,57
2021-07-05 10:00:00,Culiacán,d01,33,0.0,17.5,882,55.3,8,249,51
2021-07-05 11:00:00,Culiacán,d01,34,0.0,17.5,996,55.1,9,242,46
2021-07-05 12:00:00,Culiacán,d01,36,0.0,17.5,1037,56.4,10,243,45
2021-07-05 13:00:00,Culiacán,d01,36,0.0,17.5,1025,57.3,15,228,47
2021-07-05 14:00:00,Culiacán,d01,36,0.0,17.5,934,55.7,17,228,44
2021-07-05 15:00:00,Culiacán,d01,35,0.0,17.5,777,54.8,18,231,44
2021-07-05 16:00:00,Culiacán,d01,34,0.0,17.5,499,54.7,17,231,45
2021-07-05 17:00:00,Culiacán,d01,33,0.0,17.5,288,54.8,15,233,47
2021-07-05 18:00:00,Culiacán,d01,31,0.0,17.5,101,54.8,13,225,50
2021-07-05 19:00:00,Culiacán,d01,30,0.0,17.5,0,54.5,11,227,55
2021-07-05 20:00:00,Culiacán,d01,29,0.0,17.5,0,55.0,9,224,60
2021-07-05 21:00:00,Culiacán,d01,28,0.0,17.5,0,55.8,7,202,65
2021-07-05 22:00:00,Culiacán,d01,28,0.0,17.5,0,55.7,7,193,69
2021-07-05 23:00:00,Culiacán,d01,27,0.0,17.5,0,57.2,6,198,72
2021-07-06 00:00:00,Culiacán,d01,27,0.0,17.5,0,58.2,6,201,75
2021-07-06 01:00:00,Culiacán,d01,27,0.0,17.5,0,58.2,6,216,77
2021-07-06 02:00:00,Culiacán,d01,27,0.0,17.5,0,59.9,5,206,80
2021-07-06 03:00:00,Culiacán,d01,26,0.0,17.5,0,60.8,6,216,82
2021-07-06 04:00:00,Culiacán,d01,26,0.0,17.5,0,62.1,4,178,82
2021-07-06 05:00:00,Culiacán,d01,26,0.0,17.5,0,63.9,4,153,83
2021-07-06 06:00:00,Culiacán,d01,26,0.0,17.5,52,63.6,7,144,82
2021-07-06 07:00:00,Culiacán,d01,27,0.2,17.8,114,62.2,6,142,78
2021-07-06 08:00:00,Culiacán,d01,29,0.4,18.2,422,60.8,7,144,71
2021-07-06 09:00:00,Culiacán,d01,29,0.0,18.2,369,59.1,6,147,64
2021-07-06 10:00:00,Culiacán,d01,31,0.0,18.2,599,57.2,7,174,56
2021-07-06 11:00:00,Culiacán,d01,33,0.0,18.2,904,56.3,8,186,49
2021-07-02 23:00:00,Los Mochis,d01,29,0.0,0.0,0,64.2,10,250,68
2021-07-03 00:00:00,Los Mochis,d01,29,0.0,0.0,0,64.5,10,249,70
2021-07-03 01:00:00,Los Mochis,d01,29,0.0,0.0,0,65.1,10,233,76
2021-07-03 02:00:00,Los Mochis,d01,29,0.0,0.0,0,64.5,11,239,76
2021-07-03 03:00:00,Los Mochis,d01,28,0.0,0.0,0,64.7,7,216,74
2021-07-03 04:00:00,Los Mochis,d01,28,0.0,0.0,0,64.9,1,154,72
2021-07-03 05:00:00,Los Mochis,d01,28,0.0,0.0,0,65.2,2,160,71
2021-07-03 06:00:00,Los Mochis,d01,28,0.0,0.0,34,65.3,5,161,70
2021-07-03 07:00:00,Los Mochis,d01,29,0.0,0.0,119,65.6,6,160,68
2021-07-03 08:00:00,Los Mochis,d01,29,0.0,0.0,99,65.7,8,157,67
2021-07-03 09:00:00,Los Mochis,d01,30,0.0,0.0,187,66.0,8,167,64
2021-07-03 10:00:00,Los Mochis,d01,33,0.0,0.0,875,64.5,10,181,52
2021-07-03 11:00:00,Los Mochis,d01,34,0.0,0.0,991,62.8,12,175,48
2021-07-03 12:00:00,Los Mochis,d01,35,0.0,0.0,1042,61.2,14,179,45
2021-07-03 13:00:00,Los Mochis,d01,36,0.0,0.0,1035,60.0,16,190,43
2021-07-03 14:00:00,Los Mochis,d01,35,0.0,0.0,965,59.4,17,206,44
2021-07-03 15:00:00,Los Mochis,d01,35,0.0,0.0,835,58.2,18,220,43
2021-07-03 16:00:00,Los Mochis,d01,34,0.0,0.0,654,58.3,17,223,46
2021-07-03 17:00:00,Los Mochis,d01,33,0.0,0.0,426,59.5,14,233,49
2021-07-03 18:00:00,Los Mochis,d01,32,0.0,0.0,164,59.5,12,229,52
2021-07-03 19:00:00,Los Mochis,d01,31,0.0,0.0,10,60.1,9,199,58
2021-07-03 20:00:00,Los Mochis,d01,30,0.0,0.0,0,60.7,10,180,62
2021-07-03 21:00:00,Los Mochis,d01,29,0.0,0.0,0,61.4,10,173,72
2021-07-03 22:00:00,Los Mochis,d01,28,0.0,0.0,0,61.5,11,170,74
2021-07-03 23:00:00,Los Mochis,d01,28,0.0,0.0,0,62.9,11,167,75
2021-07-04 00:00:00,Los Mochis,d01,28,0.0,0.0,0,63.4,10,162,76
2021-07-04 01:00:00,Los Mochis,d01,28,0.0,0.0,0,63.9,11,160,75
2021-07-04 02:00:00,Los Mochis,d01,27,0.0,0.0,0,63.6,10,159,76
2021-07-04 03:00:00,Los Mochis,d01,27,0.0,0.0,0,63.8,9,154,77
2021-07-04 04:00:00,Los Mochis,d01,27,0.0,0.0,0,63.2,11,146,77
2021-07-04 05:00:00,Los Mochis,d01,27,0.0,0.0,0,62.9,11,145,78
2021-07-04 06:00:00,Los Mochis,d01,27,0.0,0.0,56,62.3,10,130,77
2021-07-04 07:00:00,Los Mochis,d01,28,0.0,0.0,148,63.4,12,127,73
2021-07-04 08:00:00,Los Mochis,d01,28,0.5,0.5,309,62.2,13,111,77
2021-07-04 09:00:00,Los Mochis,d01,30,1.8,2.3,577,64.4,10,140,66
2021-07-04 10:00:00,Los Mochis,d01,32,0.0,2.3,870,63.5,11,166,54
2021-07-04 11:00:00,Los Mochis,d01,33,0.0,2.3,987,61.5,14,179,48
2021-07-04 12:00:00,Los Mochis,d01,34,0.0,2.3,1043,58.7,14,178,46
2021-07-04 13:00:00,Los Mochis,d01,34,0.0,2.3,1032,56.0,15,182,46
2021-07-04 14:00:00,Los Mochis,d01,34,0.0,2.3,956,53.9,16,189,46
2021-07-04 15:00:00,Los Mochis,d01,34,0.0,2.3,819,53.1,15,196,43
2021-07-04 16:00:00,Los Mochis,d01,34,0.0,2.3,634,52.6,15,206,43
2021-07-04 17:00:00,Los Mochis,d01,33,0.0,2.3,451,52.6,14,209,44
2021-07-04 18:00:00,Los Mochis,d01,32,0.0,2.3,225,53.2,12,209,47
2021-07-04 19:00:00,Los Mochis,d01,30,0.0,2.3,18,54.0,12,193,55
2021-07-04 20:00:00,Los Mochis,d01,29,0.0,2.3,0,55.0,10,182,62
2021-07-04 21:00:00,Los Mochis,d01,28,0.0,2.3,0,55.4,10,171,68
2021-07-04 22:00:00,Los Mochis,d01,28,0.0,2.3,0,56.0,11,169,69
2021-07-04 23:00:00,Los Mochis,d01,28,0.0,2.3,0,56.8,11,178,72
2021-07-05 00:00:00,Los Mochis,d01,28,0.0,2.3,0,57.3,10,171,74
2021-07-05 01:00:00,Los Mochis,d01,28,0.0,2.3,0,56.8,7,160,74
2021-07-05 02:00:00,Los Mochis,d01,27,0.0,2.3,0,55.7,6,123,74
2021-07-05 03:00:00,Los Mochis,d01,27,0.0,2.3,0,55.0,7,138,74
2021-07-05 04:00:00,Los Mochis,d01,27,0.0,2.3,0,56.3,7,140,75
2021-07-05 05:00:00,Los Mochis,d01,27,0.0,2.3,0,57.5,8,123,76
2021-07-05 06:00:00,Los Mochis,d01,27,0.0,2.3,77,58.5,10,121,77
2021-07-05 07:00:00,Los Mochis,d01,28,0.0,2.3,256,59.4,11,127,74
2021-07-05 08:00:00,Los Mochis,d01,30,0.0,2.3,485,60.0,11,136,67
2021-07-05 09:00:00,Los Mochis,d01,31,0.0,2.3,692,61.5,10,151,59
2021-07-05 10:00:00,Los Mochis,d01,33,0.0,2.3,799,62.4,11,169,55
2021-07-05 11:00:00,Los Mochis,d01,34,0.0,2.3,981,61.9,13,181,52
2021-07-05 12:00:00,Los Mochis,d01,35,0.0,2.3,1039,61.1,14,184,49
2021-07-05 13:00:00,Los Mochis,d01,35,0.0,2.3,1030,61.1,16,193,48
2021-07-05 14:00:00,Los Mochis,d01,35,0.0,2.3,956,60.5,17,202,47
2021-07-05 15:00:00,Los Mochis,d01,35,0.0,2.3,818,59.2,16,216,45
2021-07-05 16:00:00,Los Mochis,d01,34,0.0,2.3,639,59.2,15,224,47
2021-07-05 17:00:00,Los Mochis,d01,33,0.0,2.3,406,59.2,14,226,48
2021-07-05 18:00:00,Los Mochis,d01,32,0.0,2.3,119,59.0,12,220,50
2021-07-05 19:00:00,Los Mochis,d01,31,0.0,2.3,4,58.8,11,209,53
2021-07-05 20:00:00,Los Mochis,d01,30,0.0,2.3,0,58.6,8,199,57
2021-07-05 21:00:00,Los Mochis,d01,29,0.0,2.3,0,58.0,9,191,62
2021-07-05 22:00:00,Los Mochis,d01,29,0.0,2.3,0,59.5,9,169,70
2021-07-05 23:00:00,Los Mochis,d01,28,0.0,2.3,0,59.5,9,175,75
2021-07-06 00:00:00,Los Mochis,d01,28,0.0,2.3,0,57.8,7,171,76
2021-07-06 01:00:00,Los Mochis,d01,28,0.0,2.3,0,56.2,5,151,77
2021-07-06 02:00:00,Los Mochis,d01,28,0.0,2.3,0,56.4,6,129,77
2021-07-06 03:00:00,Los Mochis,d01,27,0.0,2.3,0,56.2,7,136,78
2021-07-06 04:00:00,Los Mochis,d01,27,0.0,2.3,0,56.7,8,141,77
2021-07-06 05:00:00,Los Mochis,d01,27,0.0,2.3,0,56.5,6,145,77
2021-07-06 06:00:00,Los Mochis,d01,27,0.0,2.3,67,55.6,8,139,77
2021-07-06 07:00:00,Los Mochis,d01,29,0.0,2.3,284,56.8,11,139,73
2021-07-06 08:00:00,Los Mochis,d01,30,0.0,2.3,512,57.5,12,141,67
2021-07-06 09:00:00,Los Mochis,d01,32,0.0,2.3,716,57.6,12,156,60
2021-07-06 10:00:00,Los Mochis,d01,33,0.0,2.3,879,55.6,15,173,53
2021-07-06 11:00:00,Los Mochis,d01,34,0.0,2.3,983,52.8,18,174,52
2021-07-02 23:00:00,Mazatlán,d01,27,0.0,0.0,0,62.8,7,204,83
2021-07-03 00:00:00,Mazatlán,d01,27,0.0,0.0,0,61.3,8,189,83
2021-07-03 01:00:00,Mazatlán,d01,26,0.1,0.1,0,61.1,7,179,84
2021-07-03 02:00:00,Mazatlán,d01,26,0.1,0.2,0,60.3,7,174,86
2021-07-03 03:00:00,Mazatlán,d01,26,0.1,0.3,0,59.1,7,172,87
2021-07-03 04:00:00,Mazatlán,d01,26,0.1,0.4,0,58.0,7,164,87
2021-07-03 05:00:00,Mazatlán,d01,26,0.2,0.6,0,58.2,6,161,88
2021-07-03 06:00:00,Mazatlán,d01,26,0.2,0.9,85,58.4,6,160,87
2021-07-03 07:00:00,Mazatlán,d01,27,2.0,2.9,308,58.4,7,180,82
2021-07-03 08:00:00,Mazatlán,d01,28,0.1,3.0,536,59.2,8,201,77
2021-07-03 09:00:00,Mazatlán,d01,29,0.8,3.8,740,59.8,11,222,75
2021-07-03 10:00:00,Mazatlán,d01,30,0.1,3.8,901,57.9,12,224,73
2021-07-03 11:00:00,Mazatlán,d01,30,0.0,3.8,1007,56.0,14,226,72
2021-07-03 12:00:00,Mazatlán,d01,30,0.0,3.8,1049,54.6,14,226,68
2021-07-03 13:00:00,Mazatlán,d01,30,0.0,3.8,1032,53.6,15,232,68
2021-07-03 14:00:00,Mazatlán,d01,30,0.0,3.8,948,53.3,14,228,69
2021-07-03 15:00:00,Mazatlán,d01,30,0.0,3.8,806,53.4,14,231,68
2021-07-03 16:00:00,Mazatlán,d01,29,0.0,3.8,606,53.1,13,234,67
2021-07-03 17:00:00,Mazatlán,d01,28,0.0,3.8,357,55.1,10,238,68
2021-07-03 18:00:00,Mazatlán,d01,27,0.0,3.8,122,57.1,8,244,69
2021-07-03 19:00:00,Mazatlán,d01,27,0.0,3.8,0,59.5,6,245,72
2021-07-03 20:00:00,Mazatlán,d01,26,0.0,3.8,0,61.1,5,250,74
2021-07-03 21:00:00,Mazatlán,d01,26,0.0,3.8,0,62.0,3,221,73
2021-07-03 22:00:00,Mazatlán,d01,26,0.0,3.9,0,62.7,2,345,76
2021-07-03 23:00:00,Mazatlán,d01,24,2.0,5.9,0,64.0,6,60,90
2021-07-04 00:00:00,Mazatlán,d01,24,4.4,10.2,0,63.3,5,108,90
2021-07-04 01:00:00,Mazatlán,d01,24,1.8,12.0,0,61.1,2,97,86
2021-07-04 02:00:00,Mazatlán,d01,24,0.0,12.0,0,60.9,4,26,83
2021-07-04 03:00:00,Mazatlán,d01,24,0.0,12.0,0,60.1,5,28,81
2021-07-04 04:00:00,Mazatlán,d01,24,0.0,12.0,0,58.8,6,29,81
2021-07-04 05:00:00,Mazatlán,d01,24,0.0,12.0,0,57.2,5,50,81
2021-07-04 06:00:00,Mazatlán,d01,25,0.0,12.0,75,57.0,5,68,81
2021-07-04 07:00:00,Mazatlán,d01,27,0.0,12.0,297,57.0,5,87,72
2021-07-04 08:00:00,Mazatlán,d01,28,0.0,12.0,525,57.6,5,90,66
2021-07-04 09:00:00,Mazatlán,d01,29,0.0,12.0,730,57.3,2,189,59
2021-07-04 10:00:00,Mazatlán,d01,31,0.0,12.0,894,56.4,9,236,57
2021-07-04 11:00:00,Mazatlán,d01,32,0.0,12.0,1005,55.0,12,237,56
2021-07-04 12:00:00,Mazatlán,d01,32,0.0,12.0,1049,54.8,14,242,57
2021-07-04 13:00:00,Mazatlán,d01,32,0.0,12.0,1023,55.3,15,252,60
2021-07-04 14:00:00,Mazatlán,d01,31,0.0,12.0,932,56.2,15,259,64
2021-07-04 15:00:00,Mazatlán,d01,31,0.0,12.0,781,57.6,14,266,67
2021-07-04 16:00:00,Mazatlán,d01,30,0.0,12.0,576,58.4,15,272,70
2021-07-04 17:00:00,Mazatlán,d01,29,0.0,12.0,376,58.1,13,276,71
2021-07-04 18:00:00,Mazatlán,d01,28,0.0,12.0,162,57.8,12,278,73
2021-07-04 19:00:00,Mazatlán,d01,27,0.0,12.0,0,59.6,9,299,76
2021-07-04 20:00:00,Mazatlán,d01,27,0.0,12.0,0,60.1,6,300,78
2021-07-04 21:00:00,Mazatlán,d01,27,0.0,12.0,0,61.1,5,310,78
2021-07-04 22:00:00,Mazatlán,d01,26,0.0,12.0,0,61.7,3,327,79
2021-07-04 23:00:00,Mazatlán,d01,26,0.0,12.0,0,61.5,4,350,78
2021-07-05 00:00:00,Mazatlán,d01,26,0.0,12.0,0,61.1,4,358,78
2021-07-05 01:00:00,Mazatlán,d01,26,0.0,12.0,0,59.9,2,15,80
2021-07-05 02:00:00,Mazatlán,d01,26,0.0,12.0,0,59.4,3,19,83
2021-07-05 03:00:00,Mazatlán,d01,25,0.0,12.0,0,59.1,2,18,86
2021-07-05 04:00:00,Mazatlán,d01,25,0.0,12.0,0,58.1,1,64,86
2021-07-05 05:00:00,Mazatlán,d01,25,0.0,12.0,0,58.0,0,315,87
2021-07-05 06:00:00,Mazatlán,d01,26,0.0,12.0,97,57.8,1,150,85
2021-07-05 07:00:00,Mazatlán,d01,27,0.0,12.0,284,57.6,2,197,73
2021-07-05 08:00:00,Mazatlán,d01,29,0.0,12.0,515,57.7,5,211,68
2021-07-05 09:00:00,Mazatlán,d01,31,0.0,12.0,720,58.2,8,220,65
2021-07-05 10:00:00,Mazatlán,d01,32,0.0,12.0,885,58.5,11,232,63
2021-07-05 11:00:00,Mazatlán,d01,32,0.0,12.0,996,57.8,13,242,62
2021-07-05 12:00:00,Mazatlán,d01,32,0.0,12.0,1044,56.5,15,254,63
2021-07-05 13:00:00,Mazatlán,d01,32,0.0,12.0,1024,55.4,16,261,64
2021-07-05 14:00:00,Mazatlán,d01,31,0.0,12.0,938,55.6,17,269,67
2021-07-05 15:00:00,Mazatlán,d01,31,0.0,12.0,784,55.7,17,275,69
2021-07-05 16:00:00,Mazatlán,d01,30,0.0,12.0,569,55.6,16,279,69
2021-07-05 17:00:00,Mazatlán,d01,29,0.0,12.0,335,56.1,15,285,71
2021-07-05 18:00:00,Mazatlán,d01,28,0.0,12.0,81,56.9,13,292,76
2021-07-05 19:00:00,Mazatlán,d01,27,0.0,12.0,0,56.6,11,294,80
2021-07-05 20:00:00,Mazatlán,d01,27,0.0,12.0,0,56.5,9,302,81
2021-07-05 21:00:00,Mazatlán,d01,27,0.0,12.0,0,56.3,8,294,82
2021-07-05 22:00:00,Mazatlán,d01,27,0.0,12.0,0,55.7,5,285,82
2021-07-05 23:00:00,Mazatlán,d01,27,0.0,12.0,0,56.0,3,273,82
2021-07-06 00:00:00,Mazatlán,d01,26,0.0,12.0,0,56.9,2,268,82
2021-07-06 01:00:00,Mazatlán,d01,26,0.0,12.0,0,57.4,0,131,84
2021-07-06 02:00:00,Mazatlán,d01,26,0.0,12.0,0,57.8,4,106,87
2021-07-06 03:00:00,Mazatlán,d01,25,0.0,12.0,0,58.1,4,106,90
2021-07-06 04:00:00,Mazatlán,d01,25,0.0,12.0,0,58.4,4,103,91
2021-07-06 05:00:00,Mazatlán,d01,25,0.0,12.0,0,59.4,4,102,92
2021-07-06 06:00:00,Mazatlán,d01,25,0.0,12.0,60,59.6,3,101,89
2021-07-06 07:00:00,Mazatlán,d01,27,0.0,12.0,309,59.3,4,113,80
2021-07-06 08:00:00,Mazatlán,d01,29,0.0,12.0,537,59.2,4,141,71
2021-07-06 09:00:00,Mazatlán,d01,30,0.9,12.9,616,61.4,9,188,73
2021-07-06 10:00:00,Mazatlán,d01,31,2.1,15.1,898,61.5,11,202,71
2021-07-06 11:00:00,Mazatlán,d01,31,0.9,16.0,990,60.3,14,212,70
